pbmc_1k_v3:AAACCCAAGGAGAGTA,0.037131882,FALSE
pbmc_1k_v3:AAACGCTTCAGCCCAG,0.009254499,FALSE
pbmc_1k_v3:AAAGAACAGACGACTG,0.10862069,FALSE
pbmc_1k_v3:AAAGAACCAATGGCAG,0.032079208,FALSE
pbmc_1k_v3:AAAGAACGTCTGCAAT,0.054025424,FALSE
pbmc_1k_v3:AAAGGATAGTAGACAT,0.014847162,FALSE
pbmc_1k_v3:AAAGGATCACCGGCTA,0.018975332,FALSE
pbmc_1k_v3:AAAGGATTCAGCTTGA,0.023883697,FALSE
pbmc_1k_v3:AAAGGATTCCGTTTCG,0.032079208,FALSE
pbmc_1k_v3:AAAGGGCTCATGCCCT,0.046376812,FALSE
pbmc_1k_v3:AAAGGGCTCCGTAGGC,0.032079208,FALSE
pbmc_1k_v3:AAAGGTACAACTGCTA,0.034511093,FALSE
pbmc_1k_v3:AAAGTCCAGCGGGTTA,0.025732666,FALSE
pbmc_1k_v3:AAAGTCCAGTCAACAA,0.013613159,FALSE
pbmc_1k_v3:AAAGTCCCACCAGCCA,0.034511093,FALSE
pbmc_1k_v3:AAAGTGATCGTACACA,0.009254499,FALSE
pbmc_1k_v3:AAATGGAAGCCGCTTG,0.039964476,FALSE
pbmc_1k_v3:AAATGGACAATGCTCA,0.032079208,FALSE
pbmc_1k_v3:AAATGGAGTACCGCGT,0.089418778,FALSE
pbmc_1k_v3:AAATGGATCCTATTTG,0.025732666,FALSE
pbmc_1k_v3:AACAAAGGTGATGAAT,0.063305979,FALSE
pbmc_1k_v3:AACAACCAGTAGTCCT,0.022147651,FALSE
pbmc_1k_v3:AACAACCCACGCTATA,0.120673527,FALSE
pbmc_1k_v3:AACAAGAGTTATAGAG,0.043035632,FALSE
pbmc_1k_v3:AACAGGGGTGGGAGAG,0.025732666,FALSE
pbmc_1k_v3:AACCAACAGCTTGTTG,0.02051449,FALSE
pbmc_1k_v3:AACCCAACAACTGATC,0.034511093,FALSE
pbmc_1k_v3:AACCCAAGTGGGCTTC,0.016148325,FALSE
pbmc_1k_v3:AACCCAATCTTACCGC,0.014847162,FALSE
pbmc_1k_v3:AACCTGACATCCTATT,0.014847162,FALSE
pbmc_1k_v3:AACCTTTGTTTCGGCG,0.013613159,FALSE
pbmc_1k_v3:AACGAAAAGGTTGGTG,0.089418778,FALSE
pbmc_1k_v3:AACGAAACAATGTCTG,0.014847162,FALSE
pbmc_1k_v3:AACGAAACAGCGTTTA,0.017522287,FALSE
pbmc_1k_v3:AACGAAATCCATTTAC,0.034511093,FALSE
pbmc_1k_v3:AACGGGAGTCGCTCGA,0.046376812,FALSE
pbmc_1k_v3:AACGTCAAGACGCCCT,0.02051449,FALSE
pbmc_1k_v3:AAGAACAAGACCATTC,0.234527687,FALSE
pbmc_1k_v3:AAGAACAAGCCTCAGC,0.037131882,FALSE
pbmc_1k_v3:AAGAACATCTTGCAAG,0.058430718,FALSE
pbmc_1k_v3:AAGACAACACTTCAGA,0.063305979,FALSE
pbmc_1k_v3:AAGACAACAGATCACT,0.624,TRUE
pbmc_1k_v3:AAGACAATCCGCGAGT,0.02051449,FALSE
pbmc_1k_v3:AAGACTCGTGACGTCC,0.011326861,FALSE
pbmc_1k_v3:AAGCATCAGGTCCGAA,0.043035632,FALSE
pbmc_1k_v3:AAGCATCCAGTCTTCC,0.037131882,FALSE
pbmc_1k_v3:AAGCGTTCACTGATTG,0.046376812,FALSE
pbmc_1k_v3:AAGCGTTTCGCTATTT,0.032079208,FALSE
pbmc_1k_v3:AAGGTAAAGGAAGTAG,0.046376812,FALSE
pbmc_1k_v3:AAGGTAAAGGCCACCT,0.037131882,FALSE
pbmc_1k_v3:AAGGTAAGTCCTTAAG,0.054025424,FALSE
pbmc_1k_v3:AAGTACCAGCGCCTTG,0.037131882,FALSE
pbmc_1k_v3:AAGTACCAGCTCCATA,0.023883697,FALSE
pbmc_1k_v3:AAGTACCCAAAGAACT,0.046376812,FALSE
pbmc_1k_v3:AAGTGAACATCAGCAT,0.046376812,FALSE
pbmc_1k_v3:AAGTGAATCGGAAGGT,0.046376812,FALSE
pbmc_1k_v3:AAGTTCGAGGATACAT,0.032079208,FALSE
pbmc_1k_v3:AAGTTCGGTCAACACT,0.046376812,FALSE
pbmc_1k_v3:AATCACGAGGCTCTAT,0.014847162,FALSE
pbmc_1k_v3:AATCGACAGTATGTAG,0.037131882,FALSE
pbmc_1k_v3:AATCGACGTGAGACGT,0.034511093,FALSE
pbmc_1k_v3:AATGAAGCAGTATGAA,0.032079208,FALSE
pbmc_1k_v3:AATGACCGTGTCATCA,0.624,TRUE
pbmc_1k_v3:AATGGAACACTCATAG,0.013613159,FALSE
pbmc_1k_v3:AATGGAATCTGATGGT,0.046376812,FALSE
pbmc_1k_v3:AATGGCTAGGACGGAG,0.023883697,FALSE
pbmc_1k_v3:AATTCCTTCCATTGGA,0.037131882,FALSE
pbmc_1k_v3:ACAAAGAAGCCTCAAT,0.043035632,FALSE
pbmc_1k_v3:ACAAAGAGTTCCATTT,0.134969325,FALSE
pbmc_1k_v3:ACAACCATCTATCCAT,0.02051449,FALSE
pbmc_1k_v3:ACAACCATCTGCCCTA,0.050025265,FALSE
pbmc_1k_v3:ACAAGCTGTAGGTCAG,0.034511093,FALSE
pbmc_1k_v3:ACACCAAAGAGTCAGC,0.029816514,FALSE
pbmc_1k_v3:ACACGCGGTGTTGCCG,0.046376812,FALSE
pbmc_1k_v3:ACACGCGTCACCTCGT,0.009254499,FALSE
pbmc_1k_v3:ACACGCGTCGCCGTGA,0.027705948,FALSE
pbmc_1k_v3:ACACTGATCACTGATG,0.043035632,FALSE
pbmc_1k_v3:ACACTGATCTTTCCGG,0.050025265,FALSE
pbmc_1k_v3:ACAGAAAAGTATTAGG,0.027705948,FALSE
pbmc_1k_v3:ACAGAAACACCAGCGT,0.023883697,FALSE
pbmc_1k_v3:ACAGCCGTCGCTGTTC,0.025732666,FALSE
pbmc_1k_v3:ACATCCCCACAAATGA,0.039964476,FALSE
pbmc_1k_v3:ACATCCCGTAAGATTG,0.046376812,FALSE
pbmc_1k_v3:ACATCGATCTAAGAAG,0.010265859,FALSE
pbmc_1k_v3:ACATCGATCTGAGAGG,0.058430718,FALSE
pbmc_1k_v3:ACATCGATCTTGGGCG,0.018975332,FALSE
pbmc_1k_v3:ACATGCAGTTGCTTGA,0.025732666,FALSE
pbmc_1k_v3:ACATTTCGTGCCGAAA,0.032079208,FALSE
pbmc_1k_v3:ACATTTCGTTTCTTAC,0.006485707,FALSE
pbmc_1k_v3:ACCACAAAGGCCTTGC,0.039964476,FALSE
pbmc_1k_v3:ACCACAAAGGTTAGTA,0.025732666,FALSE
pbmc_1k_v3:ACCACAAGTCTGTGGC,0.007367387,FALSE
pbmc_1k_v3:ACCATTTCATTGGGAG,0.063305979,FALSE
pbmc_1k_v3:ACCCAAAAGCCACAAG,0.011326861,FALSE
pbmc_1k_v3:ACCCAAAGTTGGGAAC,0.098321343,FALSE
pbmc_1k_v3:ACCCTTGGTATCGTAC,0.043035632,FALSE
pbmc_1k_v3:ACCCTTGTCATTTCGT,0.034511093,FALSE
pbmc_1k_v3:ACCTACCCAACGGTAG,0.027705948,FALSE
pbmc_1k_v3:ACCTGAACATGAGAAT,0.06873065,FALSE
pbmc_1k_v3:ACCTGTCTCAAGTCTG,0.02051449,FALSE
pbmc_1k_v3:ACCTGTCTCTCAACGA,0.039964476,FALSE
pbmc_1k_v3:ACGATCAGTCGTTCAA,0.034511093,FALSE
pbmc_1k_v3:ACGATCATCCACGGAC,0.046376812,FALSE
pbmc_1k_v3:ACGATCATCCGTTGGG,0.034511093,FALSE
pbmc_1k_v3:ACGCACGAGAGAGTGA,0.054025424,FALSE
pbmc_1k_v3:ACGGTCGTCACTACGA,0.039964476,FALSE
pbmc_1k_v3:ACGGTTAAGTGCTCAT,0.017522287,FALSE
pbmc_1k_v3:ACGTAACAGGTGCTTT,0.037131882,FALSE
pbmc_1k_v3:ACGTAACTCATATGGC,0.034511093,FALSE
pbmc_1k_v3:ACGTAACTCTTCGATT,0.027705948,FALSE
pbmc_1k_v3:ACGTACAAGCTGTTCA,0.173366834,FALSE
pbmc_1k_v3:ACGTACACAAAGCTCT,0.032079208,FALSE
pbmc_1k_v3:ACGTACACAGACGATG,0.017522287,FALSE
pbmc_1k_v3:ACGTAGTCACGCCACA,0.032079208,FALSE
pbmc_1k_v3:ACGTAGTCATTAGGAA,0.050025265,FALSE
pbmc_1k_v3:ACGTTCCGTGGGTCAA,0.034511093,FALSE
pbmc_1k_v3:ACTATCTGTGTGTACT,0.037131882,FALSE
pbmc_1k_v3:ACTATGGAGAAATCCA,0.07480315,FALSE
pbmc_1k_v3:ACTCCCAAGGTTGGTG,0.011326861,FALSE
pbmc_1k_v3:ACTCCCATCGTCCTCA,0.06873065,FALSE
pbmc_1k_v3:ACTGATGAGCAGCGAT,0.018975332,FALSE
pbmc_1k_v3:ACTGATGCACCAGCCA,0.011326861,FALSE
pbmc_1k_v3:ACTGTGACAACTCGAT,0.07480315,FALSE
pbmc_1k_v3:ACTTATCTCTAAGGAA,0.039964476,FALSE
pbmc_1k_v3:ACTTCGCAGAACCGCA,0.034511093,FALSE
pbmc_1k_v3:ACTTCGCGTACTCCGG,0.013613159,FALSE
pbmc_1k_v3:ACTTTCAAGTATGACA,0.152198422,FALSE
pbmc_1k_v3:ACTTTCACAAGCGAAC,0.037131882,FALSE
pbmc_1k_v3:ACTTTCAGTACGCGTC,0.043035632,FALSE
pbmc_1k_v3:AGAAATGTCATTCGTT,0.025732666,FALSE
pbmc_1k_v3:AGAAGCGGTCTAGATC,0.046376812,FALSE
pbmc_1k_v3:AGAAGCGTCTGCGTCT,0.063305979,FALSE
pbmc_1k_v3:AGACAAAGTAGCTTGT,0.034511093,FALSE
pbmc_1k_v3:AGACACTCAAGTCGTT,0.043035632,FALSE
pbmc_1k_v3:AGACCATCATTACTCT,0.039964476,FALSE
pbmc_1k_v3:AGACTCATCAACGCTA,0.043035632,FALSE
pbmc_1k_v3:AGACTCATCAGAGCGA,0.029816514,FALSE
pbmc_1k_v3:AGAGAATAGAGGGTCT,0.152198422,FALSE
pbmc_1k_v3:AGAGAATCACCCAACG,0.058430718,FALSE
pbmc_1k_v3:AGAGAGCAGTTGTCGT,0.025732666,FALSE
pbmc_1k_v3:AGAGCAGGTCATAAAG,0.011326861,FALSE
pbmc_1k_v3:AGAGCAGGTTGAGTCT,0.017522287,FALSE
pbmc_1k_v3:AGAGCAGTCGCGCTGA,0.10862069,FALSE
pbmc_1k_v3:AGAGCCCGTCACTCGG,0.018975332,FALSE
pbmc_1k_v3:AGATAGAGTGACACGA,0.039964476,FALSE
pbmc_1k_v3:AGATCGTCAGGACTTT,0.07480315,FALSE
pbmc_1k_v3:AGATGAACAGGCACAA,0.173366834,FALSE
pbmc_1k_v3:AGATGCTGTACGGTTT,0.032079208,FALSE
pbmc_1k_v3:AGATGCTGTGTGGTCC,0.016148325,FALSE
pbmc_1k_v3:AGCATCAGTCGGTGTC,0.043035632,FALSE
pbmc_1k_v3:AGCATCAGTGGTCCGT,0.02051449,FALSE
pbmc_1k_v3:AGCCAATAGTCCCTAA,0.034511093,FALSE
pbmc_1k_v3:AGCCACGCAGGTTCGC,0.025732666,FALSE
pbmc_1k_v3:AGCCACGGTTCCGCGA,0.034511093,FALSE
pbmc_1k_v3:AGCCACGTCCGAGAAG,0.032079208,FALSE
pbmc_1k_v3:AGCCAGCGTAATGCGG,0.029816514,FALSE
pbmc_1k_v3:AGCCAGCGTAGTTAGA,0.081646895,FALSE
pbmc_1k_v3:AGCGTATCATATGCGT,0.011326861,FALSE
pbmc_1k_v3:AGCGTATTCAGTGGGA,0.018975332,FALSE
pbmc_1k_v3:AGCGTCGCATTGACCA,0.025732666,FALSE
pbmc_1k_v3:AGCGTCGTCCTTATCA,0.013613159,FALSE
pbmc_1k_v3:AGCTACACAGTCGGAA,0.2,FALSE
pbmc_1k_v3:AGCTACAGTCGTTTCC,0.032079208,FALSE
pbmc_1k_v3:AGGAAATTCACCATGA,0.043035632,FALSE
pbmc_1k_v3:AGGAATACAAACTCGT,0.029816514,FALSE
pbmc_1k_v3:AGGAATATCATTACGG,0.046376812,FALSE
pbmc_1k_v3:AGGACGAAGACCTTTG,0.025732666,FALSE
pbmc_1k_v3:AGGACGAAGATTAGTG,0.058430718,FALSE
pbmc_1k_v3:AGGACGATCACTGATG,0.032079208,FALSE
pbmc_1k_v3:AGGACGATCCAGTACA,0.063305979,FALSE
pbmc_1k_v3:AGGACTTTCCTACCAC,0.025732666,FALSE
pbmc_1k_v3:AGGAGGTAGGTCACAG,0.043035632,FALSE
pbmc_1k_v3:AGGATAAAGAACAAGG,0.014847162,FALSE
pbmc_1k_v3:AGGCCACAGGGCCAAT,0.624,TRUE
pbmc_1k_v3:AGGCTGCAGGGCTTCC,0.010265859,FALSE
pbmc_1k_v3:AGGCTGCGTGTGTGTT,0.022147651,FALSE
pbmc_1k_v3:AGGGAGTCACCATTCC,0.011326861,FALSE
pbmc_1k_v3:AGGGAGTGTGTCGCTG,0.017522287,FALSE
pbmc_1k_v3:AGGGCTCCAATACGCT,0.050025265,FALSE
pbmc_1k_v3:AGGGTCCCAGGACATG,0.02051449,FALSE
pbmc_1k_v3:AGGGTCCCAGTAGTTC,0.050025265,FALSE
pbmc_1k_v3:AGGGTTTCAGCGTGCT,0.039964476,FALSE
pbmc_1k_v3:AGGTAGGAGGAAGTAG,0.027705948,FALSE
pbmc_1k_v3:AGGTAGGCAAAGCGTG,0.013613159,FALSE
pbmc_1k_v3:AGGTCATTCAAGTCGT,0.008289375,FALSE
pbmc_1k_v3:AGGTGTTAGCAATTAG,0.10862069,FALSE
pbmc_1k_v3:AGGTGTTCATTAAGCC,0.039964476,FALSE
pbmc_1k_v3:AGGTGTTGTCGATTAC,0.034511093,FALSE
pbmc_1k_v3:AGGTGTTTCAATGCAC,0.050025265,FALSE
pbmc_1k_v3:AGGTGTTTCGTTACCC,0.027705948,FALSE
pbmc_1k_v3:AGGTTACAGGTGCGAT,0.034511093,FALSE
pbmc_1k_v3:AGGTTACGTCTGATAC,0.029816514,FALSE
pbmc_1k_v3:AGTAACCCAAGCTCTA,0.034511093,FALSE
pbmc_1k_v3:AGTAACCTCGTTGTAG,0.010265859,FALSE
pbmc_1k_v3:AGTACCAGTGGGTCAA,0.032079208,FALSE
pbmc_1k_v3:AGTACCATCAGCTTGA,0.011326861,FALSE
pbmc_1k_v3:AGTAGCTAGGAGTACC,0.013613159,FALSE
pbmc_1k_v3:AGTAGCTCACTGCTTC,0.018975332,FALSE
pbmc_1k_v3:AGTAGCTCAGGCACTC,0.023883697,FALSE
pbmc_1k_v3:AGTAGCTGTTAGAAAC,0.063305979,FALSE
pbmc_1k_v3:AGTAGTCGTATGACAA,0.063305979,FALSE
pbmc_1k_v3:AGTCAACAGTCATGCT,0.037131882,FALSE
pbmc_1k_v3:AGTCAACGTACACGCC,0.081646895,FALSE
pbmc_1k_v3:AGTCTCCCAACCGTGC,0.016148325,FALSE
pbmc_1k_v3:AGTCTCCGTGAGTCAG,0.06873065,FALSE
pbmc_1k_v3:AGTGCCGCATCTGGGC,0.032079208,FALSE
pbmc_1k_v3:AGTTAGCAGTCAGGGT,0.046376812,FALSE
pbmc_1k_v3:AGTTAGCGTACCATAC,0.009254499,FALSE
pbmc_1k_v3:AGTTAGCGTTCATCGA,0.039964476,FALSE
pbmc_1k_v3:AGTTCCCCAAACAGGC,0.034511093,FALSE
pbmc_1k_v3:AGTTCCCGTTACACTG,0.022147651,FALSE
pbmc_1k_v3:AGTTCGAGTATGCGTT,0.008289375,FALSE
pbmc_1k_v3:ATACCGACACACGGTC,0.06873065,FALSE
pbmc_1k_v3:ATACTTCGTACGACTT,0.043035632,FALSE
pbmc_1k_v3:ATACTTCGTTCGGTAT,0.017522287,FALSE
pbmc_1k_v3:ATACTTCTCAGCTGAT,0.063305979,FALSE
pbmc_1k_v3:ATACTTCTCGCCGTGA,0.029816514,FALSE
pbmc_1k_v3:ATAGACCTCCGCTTAC,0.037131882,FALSE
pbmc_1k_v3:ATAGGCTGTGTTACAC,0.032079208,FALSE
pbmc_1k_v3:ATATCCTGTATGAGCG,0.025732666,FALSE
pbmc_1k_v3:ATCACAGAGACGTCCC,0.016148325,FALSE
pbmc_1k_v3:ATCACAGCATGACGTT,0.037131882,FALSE
pbmc_1k_v3:ATCACGATCCGCAACG,0.089418778,FALSE
pbmc_1k_v3:ATCACTTGTGGCTGCT,0.034511093,FALSE
pbmc_1k_v3:ATCCACCCAGCAGTGA,0.010265859,FALSE
pbmc_1k_v3:ATCCACCCATGTCTAG,0.022147651,FALSE
pbmc_1k_v3:ATCCACCGTTTGTTGG,0.029816514,FALSE
pbmc_1k_v3:ATCCATTAGACGCAGT,0.025732666,FALSE
pbmc_1k_v3:ATCCCTGCAATTTCTC,0.039964476,FALSE
pbmc_1k_v3:ATCCGTCCAACTCCCT,0.008289375,FALSE
pbmc_1k_v3:ATCCTATGTCTGTGCG,0.017522287,FALSE
pbmc_1k_v3:ATCGATGCAACGGCTC,0.018975332,FALSE
pbmc_1k_v3:ATCGATGGTCAATCTG,0.023883697,FALSE
pbmc_1k_v3:ATCGGATAGGAAAGGT,0.050025265,FALSE
pbmc_1k_v3:ATCGGCGAGTCCTACA,0.050025265,FALSE
pbmc_1k_v3:ATCGTAGCATCGGAGA,0.02051449,FALSE
pbmc_1k_v3:ATCGTCCAGCCTGAAG,0.034511093,FALSE
pbmc_1k_v3:ATCGTCCGTATGAGGC,0.037131882,FALSE
pbmc_1k_v3:ATCGTCCTCGGAGCAA,0.027705948,FALSE
pbmc_1k_v3:ATCGTGAAGCAGATAT,0.017522287,FALSE
pbmc_1k_v3:ATCTCTACAAGAAACT,0.034511093,FALSE
pbmc_1k_v3:ATCTCTAGTCGTGGTC,0.023883697,FALSE
pbmc_1k_v3:ATCTTCAAGAAGAGCA,0.034511093,FALSE
pbmc_1k_v3:ATCTTCACATACTGAC,0.02051449,FALSE
pbmc_1k_v3:ATCTTCAGTCTCTCCA,0.025732666,FALSE
pbmc_1k_v3:ATCTTCATCTCATAGG,0.043035632,FALSE
pbmc_1k_v3:ATGAAAGTCCTTATGT,0.043035632,FALSE
pbmc_1k_v3:ATGACCAAGGCTAACG,0.046376812,FALSE
pbmc_1k_v3:ATGACCACAATATCCG,0.07480315,FALSE
pbmc_1k_v3:ATGAGTCTCCAGTTCC,0.032079208,FALSE
pbmc_1k_v3:ATGATCGGTCGAACAG,0.011326861,FALSE
pbmc_1k_v3:ATGCGATGTGCTCTTC,0.025732666,FALSE
pbmc_1k_v3:ATGCGATGTTGTAGCT,0.029816514,FALSE
pbmc_1k_v3:ATGGAGGGTGTTTACG,0.023883697,FALSE
pbmc_1k_v3:ATGGATCGTAGATTGA,0.017522287,FALSE
pbmc_1k_v3:ATGGATCTCGACCTAA,0.058430718,FALSE
pbmc_1k_v3:ATGGGAGAGACGTCCC,0.025732666,FALSE
pbmc_1k_v3:ATGGGAGCACTCCGGA,0.046376812,FALSE
pbmc_1k_v3:ATGGGAGTCCACTGAA,0.032079208,FALSE
pbmc_1k_v3:ATGGGAGTCCCATACC,0.016148325,FALSE
pbmc_1k_v3:ATGGTTGTCACGGAGA,0.025732666,FALSE
pbmc_1k_v3:ATGTCCCCAGGAATCG,0.017522287,FALSE
pbmc_1k_v3:ATGTCCCCATAGGTTC,0.02051449,FALSE
pbmc_1k_v3:ATGTCCCGTCCTACGG,0.054025424,FALSE
pbmc_1k_v3:ATTACTCCAGCTTTGA,0.043035632,FALSE
pbmc_1k_v3:ATTACTCGTTGCAACT,0.02051449,FALSE
pbmc_1k_v3:ATTCACTAGAAGGCTC,0.043035632,FALSE
pbmc_1k_v3:ATTCACTTCTCCGCAT,0.014847162,FALSE
pbmc_1k_v3:ATTCAGGCAAGTATCC,0.023883697,FALSE
pbmc_1k_v3:ATTCAGGCATAGCTGT,0.054025424,FALSE
pbmc_1k_v3:ATTCAGGTCTTCGTGC,0.173366834,FALSE
pbmc_1k_v3:ATTCCATCACGACTAT,0.018975332,FALSE
pbmc_1k_v3:ATTCCCGAGTCACTCA,0.081646895,FALSE
pbmc_1k_v3:ATTCCTACATGAGATA,0.022147651,FALSE
pbmc_1k_v3:ATTCGTTCAGTCTTCC,0.039964476,FALSE
pbmc_1k_v3:ATTCGTTGTAACACCT,0.011326861,FALSE
pbmc_1k_v3:ATTCGTTGTGTAGCAG,0.054025424,FALSE
pbmc_1k_v3:ATTCGTTGTGTTCAGT,0.023883697,FALSE
pbmc_1k_v3:ATTCGTTGTTCTTGTT,0.029816514,FALSE
pbmc_1k_v3:ATTCTACTCTCGTGAA,0.054025424,FALSE
pbmc_1k_v3:ATTCTTGAGTTCCAGT,0.032079208,FALSE
pbmc_1k_v3:ATTCTTGGTACAATAG,0.054025424,FALSE
pbmc_1k_v3:ATTTCACAGTGCAAAT,0.034511093,FALSE
pbmc_1k_v3:ATTTCACGTGGATACG,0.025732666,FALSE
pbmc_1k_v3:ATTTCTGCAAGGTCTT,0.032079208,FALSE
pbmc_1k_v3:ATTTCTGGTATCCTCC,0.023883697,FALSE
pbmc_1k_v3:ATTTCTGTCGATGCAT,0.039964476,FALSE
pbmc_1k_v3:ATTTCTGTCGGCCAAC,0.07480315,FALSE
pbmc_1k_v3:CAAAGAACACATATCG,0.029816514,FALSE
pbmc_1k_v3:CAAAGAACAGCTGTTA,0.06873065,FALSE
pbmc_1k_v3:CAAAGAAGTTCTCCCA,0.025732666,FALSE
pbmc_1k_v3:CAACAACTCGATACTG,0.050025265,FALSE
pbmc_1k_v3:CAACAGTCATCCGTTC,0.034511093,FALSE
pbmc_1k_v3:CAACAGTTCGAGCACC,0.034511093,FALSE
pbmc_1k_v3:CAACCAAGTTAGAAAC,0.014847162,FALSE
pbmc_1k_v3:CAACCAATCCGCTTAC,0.011326861,FALSE
pbmc_1k_v3:CAACCTCGTATCGGTT,0.043035632,FALSE
pbmc_1k_v3:CAACGATAGACGGAAA,0.037131882,FALSE
pbmc_1k_v3:CAACGATAGCCTAGGA,0.046376812,FALSE
pbmc_1k_v3:CAACGATCAAAGCACG,0.034511093,FALSE
pbmc_1k_v3:CAACGATTCAAGCCCG,0.050025265,FALSE
pbmc_1k_v3:CAAGACTAGTGGAAAG,0.029816514,FALSE
pbmc_1k_v3:CAAGACTTCAATCGGT,0.022147651,FALSE
pbmc_1k_v3:CAAGAGGTCTTCACGC,0.054025424,FALSE
pbmc_1k_v3:CAAGCTAGTGGCTGCT,0.624,TRUE
pbmc_1k_v3:CAAGGGAAGAGTCGAC,0.058430718,FALSE
pbmc_1k_v3:CAATACGAGGCAGCTA,0.02051449,FALSE
pbmc_1k_v3:CAATACGTCTCGACCT,0.010265859,FALSE
pbmc_1k_v3:CAATCGAAGAGGATCC,0.081646895,FALSE
pbmc_1k_v3:CAATCGATCCGTACGG,0.043035632,FALSE
pbmc_1k_v3:CAATGACTCAAGCCCG,0.02051449,FALSE
pbmc_1k_v3:CAATTTCAGATTGCGG,0.014847162,FALSE
pbmc_1k_v3:CACACAACAAGAAACT,0.025732666,FALSE
pbmc_1k_v3:CACACAACACGAGGAT,0.027705948,FALSE
pbmc_1k_v3:CACAGATCACTCCGAG,0.034511093,FALSE
pbmc_1k_v3:CACAGATCATCATGAC,0.034511093,FALSE
pbmc_1k_v3:CACAGATGTTCCGTTC,0.027705948,FALSE
pbmc_1k_v3:CACAGGCCAACGATCT,0.025732666,FALSE
pbmc_1k_v3:CACATGAGTTTCGACA,0.037131882,FALSE
pbmc_1k_v3:CACCAAAAGGACATCG,0.029816514,FALSE
pbmc_1k_v3:CACCGTTCACCCTAGG,0.046376812,FALSE
pbmc_1k_v3:CACGAATCACATAGCT,0.054025424,FALSE
pbmc_1k_v3:CACGAATTCAAGTCGT,0.050025265,FALSE
pbmc_1k_v3:CACGGGTAGCATTTGC,0.027705948,FALSE
pbmc_1k_v3:CACGGGTTCCCGATCT,0.023883697,FALSE
pbmc_1k_v3:CACGTTCCAGCTTCCT,0.025732666,FALSE
pbmc_1k_v3:CACGTTCTCTATCACT,0.043035632,FALSE
pbmc_1k_v3:CACTAAGGTGATAGTA,0.050025265,FALSE
pbmc_1k_v3:CACTGAAGTCTTTCTA,0.009254499,FALSE
pbmc_1k_v3:CACTGAATCCTGATAG,0.10862069,FALSE
pbmc_1k_v3:CACTGGGAGGCGACAT,0.032079208,FALSE
pbmc_1k_v3:CACTGGGAGTTACTCG,0.037131882,FALSE
pbmc_1k_v3:CACTGGGGTCGCACAC,0.050025265,FALSE
pbmc_1k_v3:CACTGTCCACATATGC,0.014847162,FALSE
pbmc_1k_v3:CACTTCGTCACCTACC,0.027705948,FALSE
pbmc_1k_v3:CAGAGCCGTGCCCGTA,0.054025424,FALSE
pbmc_1k_v3:CAGATACTCGTTCCCA,0.032079208,FALSE
pbmc_1k_v3:CAGATTGAGAACGTGC,0.037131882,FALSE
pbmc_1k_v3:CAGATTGAGCTGAGCA,0.058430718,FALSE
pbmc_1k_v3:CAGATTGGTGACTAAA,0.013613159,FALSE
pbmc_1k_v3:CAGCAATGTATCGTTG,0.054025424,FALSE
pbmc_1k_v3:CAGCAGCTCAGAGTTC,0.10862069,FALSE
pbmc_1k_v3:CAGCCAGGTGGGTTGA,0.043035632,FALSE
pbmc_1k_v3:CAGCGTGTCCATCACC,0.022147651,FALSE
pbmc_1k_v3:CAGGCCAGTTCAATCG,0.063305979,FALSE
pbmc_1k_v3:CAGGCCATCACTCACC,0.025732666,FALSE
pbmc_1k_v3:CAGGCCATCCACTAGA,0.018975332,FALSE
pbmc_1k_v3:CAGGGCTAGATTGGGC,0.043035632,FALSE
pbmc_1k_v3:CAGGGCTTCGACGAGA,0.098321343,FALSE
pbmc_1k_v3:CAGGTATGTCAGTCTA,0.089418778,FALSE
pbmc_1k_v3:CAGGTATGTGTAAATG,0.02051449,FALSE
pbmc_1k_v3:CAGTTAGTCGGCCCAA,0.025732666,FALSE
pbmc_1k_v3:CAGTTCCCAATCGTCA,0.058430718,FALSE
pbmc_1k_v3:CATAAGCGTAGCGCTC,0.016148325,FALSE
pbmc_1k_v3:CATAAGCTCCGTGTGG,0.039964476,FALSE
pbmc_1k_v3:CATACTTTCAACGAGG,0.034511093,FALSE
pbmc_1k_v3:CATAGACCATCTCAAG,0.011326861,FALSE
pbmc_1k_v3:CATAGACGTACCTTCC,0.014847162,FALSE
pbmc_1k_v3:CATCAAGAGCGCCGTT,0.029816514,FALSE
pbmc_1k_v3:CATCAAGGTATGGTTC,0.039964476,FALSE
pbmc_1k_v3:CATCAAGGTCTAACTG,0.006485707,FALSE
pbmc_1k_v3:CATCAAGGTTGTCCCT,0.008289375,FALSE
pbmc_1k_v3:CATCCGTGTATCGCTA,0.025732666,FALSE
pbmc_1k_v3:CATCGCTTCTTTGCAT,0.034511093,FALSE
pbmc_1k_v3:CATCGGGTCGCTACAA,0.025732666,FALSE
pbmc_1k_v3:CATCGTCTCCGTTGAA,0.06873065,FALSE
pbmc_1k_v3:CATGAGTCACCATTCC,0.120673527,FALSE
pbmc_1k_v3:CATGCCTCAATTGCTG,0.014847162,FALSE
pbmc_1k_v3:CATGCCTCAGGCTATT,0.050025265,FALSE
pbmc_1k_v3:CATGCCTGTTCCGCAG,0.039964476,FALSE
pbmc_1k_v3:CATGCGGTCGGTCGAC,0.023883697,FALSE
pbmc_1k_v3:CATGCTCGTCTCTCAC,0.006485707,FALSE
pbmc_1k_v3:CATTCTAGTAGCTTGT,0.043035632,FALSE
pbmc_1k_v3:CATTCTATCAGTAGGG,0.034511093,FALSE
pbmc_1k_v3:CATTGAGAGGGACCAT,0.032079208,FALSE
pbmc_1k_v3:CATTTCATCTCTCTTC,0.039964476,FALSE
pbmc_1k_v3:CCAAGCGAGCTAATCC,0.027705948,FALSE
pbmc_1k_v3:CCAAGCGAGGTTCATC,0.027705948,FALSE
pbmc_1k_v3:CCAATGAAGGTCACTT,0.010265859,FALSE
pbmc_1k_v3:CCAATTTCAAAGGCTG,0.046376812,FALSE
pbmc_1k_v3:CCAATTTCATTCGATG,0.032079208,FALSE
pbmc_1k_v3:CCACACTCAGGACTTT,0.034511093,FALSE
pbmc_1k_v3:CCACCATAGGTCATCT,0.046376812,FALSE
pbmc_1k_v3:CCACGAGGTAATCAAG,0.016148325,FALSE
pbmc_1k_v3:CCACGAGTCTTCCTAA,0.029816514,FALSE
pbmc_1k_v3:CCACGTTTCATCAGTG,0.022147651,FALSE
pbmc_1k_v3:CCACGTTTCGTGAGAG,0.06873065,FALSE
pbmc_1k_v3:CCACGTTTCTGCTGAA,0.016148325,FALSE
pbmc_1k_v3:CCACTTGCAGCTATTG,0.07480315,FALSE
pbmc_1k_v3:CCACTTGTCGCAGAGA,0.025732666,FALSE
pbmc_1k_v3:CCATAAGGTGAGGAAA,0.039964476,FALSE
pbmc_1k_v3:CCATCACCATTAAAGG,0.023883697,FALSE
pbmc_1k_v3:CCATCACTCTAACACG,0.017522287,FALSE
pbmc_1k_v3:CCCGGAATCAAACCCA,0.029816514,FALSE
pbmc_1k_v3:CCCTAACCAGGTTCGC,0.037131882,FALSE
pbmc_1k_v3:CCCTAACGTAACTGCT,0.043035632,FALSE
pbmc_1k_v3:CCCTTAGGTTTCCAAG,0.023883697,FALSE
pbmc_1k_v3:CCGAACGAGCTAAGTA,0.039964476,FALSE
pbmc_1k_v3:CCGAACGAGGAACGCT,0.058430718,FALSE
pbmc_1k_v3:CCGATCTGTGGAGGTT,0.032079208,FALSE
pbmc_1k_v3:CCGATGGGTTCTCGCT,0.089418778,FALSE
pbmc_1k_v3:CCGATGGTCACCTCTG,0.037131882,FALSE
pbmc_1k_v3:CCGATGGTCTGTCGCT,0.032079208,FALSE
pbmc_1k_v3:CCGCAAGCATTCAGGT,0.043035632,FALSE
pbmc_1k_v3:CCGCAAGGTACCAGAG,0.027705948,FALSE
pbmc_1k_v3:CCGGACAGTGATACCT,0.043035632,FALSE
pbmc_1k_v3:CCGGGTACACTCCGAG,0.043035632,FALSE
pbmc_1k_v3:CCGGGTACATACCAGT,0.016148325,FALSE
pbmc_1k_v3:CCGGTAGGTAGTACGG,0.010265859,FALSE
pbmc_1k_v3:CCGTAGGGTTCCCACT,0.009254499,FALSE
pbmc_1k_v3:CCGTAGGTCATACAGC,0.009254499,FALSE
pbmc_1k_v3:CCGTGAGAGAGGTCAC,0.037131882,FALSE
pbmc_1k_v3:CCGTGAGTCGCCTTTG,0.007367387,FALSE
pbmc_1k_v3:CCGTTCACAGAAGCTG,0.039964476,FALSE
pbmc_1k_v3:CCTAAGAAGACTCTAC,0.07480315,FALSE
pbmc_1k_v3:CCTATCGAGACAGCGT,0.034511093,FALSE
pbmc_1k_v3:CCTCAACTCTTAGCCC,0.043035632,FALSE
pbmc_1k_v3:CCTCAGTAGCAAGGAA,0.014847162,FALSE
pbmc_1k_v3:CCTCAGTCATGATGCT,0.034511093,FALSE
pbmc_1k_v3:CCTCAGTTCCGAGCTG,0.029816514,FALSE
pbmc_1k_v3:CCTCATGCACTATGTG,0.011326861,FALSE
pbmc_1k_v3:CCTCATGGTTTCGCTC,0.046376812,FALSE
pbmc_1k_v3:CCTCATGTCTCTCAAT,0.017522287,FALSE
pbmc_1k_v3:CCTCCAAAGGCCCGTT,0.029816514,FALSE
pbmc_1k_v3:CCTCCAAAGTATGATG,0.008289375,FALSE
pbmc_1k_v3:CCTCCAACAACCCTCT,0.032079208,FALSE
pbmc_1k_v3:CCTCCAACACAATGAA,0.008289375,FALSE
pbmc_1k_v3:CCTCCTCAGTCCCGAC,0.006485707,FALSE
pbmc_1k_v3:CCTCCTCCATTCAGGT,0.043035632,FALSE
pbmc_1k_v3:CCTCCTCTCAAGCGTT,0.034511093,FALSE
pbmc_1k_v3:CCTCTAGCAGACCTAT,0.023883697,FALSE
pbmc_1k_v3:CCTCTCCGTGTGCTTA,0.050025265,FALSE
pbmc_1k_v3:CCTCTCCTCGTTCCTG,0.01244125,FALSE
pbmc_1k_v3:CCTGCATAGTGGTGAC,0.10862069,FALSE
pbmc_1k_v3:CCTGCATCAACGGGTA,0.027705948,FALSE
pbmc_1k_v3:CCTGCATGTTCTTAGG,0.043035632,FALSE
pbmc_1k_v3:CCTGTTGGTGTGCCTG,0.034511093,FALSE
pbmc_1k_v3:CCTGTTGTCAAGAGTA,0.023883697,FALSE
pbmc_1k_v3:CCTTCAGAGGAACGTC,0.098321343,FALSE
pbmc_1k_v3:CCTTCAGCACAGAGCA,0.022147651,FALSE
pbmc_1k_v3:CGAAGGATCGACGCGT,0.06873065,FALSE
pbmc_1k_v3:CGAATTGGTCTGTTAG,0.034511093,FALSE
pbmc_1k_v3:CGAGAAGTCAAGTTGC,0.07480315,FALSE
pbmc_1k_v3:CGAGAAGTCCAATGCA,0.06873065,FALSE
pbmc_1k_v3:CGAGGAAAGTCGCGAA,0.009254499,FALSE
pbmc_1k_v3:CGAGGAACACTGATTG,0.032079208,FALSE
pbmc_1k_v3:CGAGGAAGTCCTGGGT,0.347222222,TRUE
pbmc_1k_v3:CGAGGCTCAGATCACT,0.011326861,FALSE
pbmc_1k_v3:CGAGGCTCAGCATGCC,0.025732666,FALSE
pbmc_1k_v3:CGAGTGCGTTCCGCGA,0.039964476,FALSE
pbmc_1k_v3:CGAGTTAGTCGAGTTT,0.034511093,FALSE
pbmc_1k_v3:CGATCGGCAATTGGTC,0.023883697,FALSE
pbmc_1k_v3:CGATCGGCAGCGTGAA,0.02051449,FALSE
pbmc_1k_v3:CGATGCGAGCAGAAAG,0.023883697,FALSE
pbmc_1k_v3:CGATGCGTCGAACCAT,0.022147651,FALSE
pbmc_1k_v3:CGATGGCCACTCGATA,0.050025265,FALSE
pbmc_1k_v3:CGATGGCGTAGCGTCC,0.063305979,FALSE
pbmc_1k_v3:CGCAGGTGTGCTTCAA,0.010265859,FALSE
pbmc_1k_v3:CGCATAAAGTGATGGC,0.043035632,FALSE
pbmc_1k_v3:CGCATGGAGGCCACTC,0.037131882,FALSE
pbmc_1k_v3:CGCGTGAGTACAATAG,0.008289375,FALSE
pbmc_1k_v3:CGGAACCGTATCACGT,0.029816514,FALSE
pbmc_1k_v3:CGGAACCGTTTGCAGT,0.014847162,FALSE
pbmc_1k_v3:CGGACACAGGACAGCT,0.032079208,FALSE
pbmc_1k_v3:CGGGACTGTTTCACTT,0.027705948,FALSE
pbmc_1k_v3:CGGGTGTTCCGTGACG,0.02051449,FALSE
pbmc_1k_v3:CGTAAGTGTGATAGTA,0.063305979,FALSE
pbmc_1k_v3:CGTAGTATCAGCCCAG,0.081646895,FALSE
pbmc_1k_v3:CGTCAAACAGAATGTA,0.050025265,FALSE
pbmc_1k_v3:CGTCCATGTTTGGAAA,0.054025424,FALSE
pbmc_1k_v3:CGTGAATAGTCGGCCT,0.037131882,FALSE
pbmc_1k_v3:CGTGATATCTGGTGGC,0.014847162,FALSE
pbmc_1k_v3:CGTGCTTAGCTTTGTG,0.013613159,FALSE
pbmc_1k_v3:CGTGCTTCAAGCGCTC,0.027705948,FALSE
pbmc_1k_v3:CGTGCTTGTTTAGACC,0.120673527,FALSE
pbmc_1k_v3:CGTGTCTCACAGTACT,0.07480315,FALSE
pbmc_1k_v3:CGTGTCTCATGGGTTT,0.081646895,FALSE
pbmc_1k_v3:CGTGTCTGTCAGTTTG,0.054025424,FALSE
pbmc_1k_v3:CGTTAGATCAGCCTCT,0.046376812,FALSE
pbmc_1k_v3:CGTTAGATCATTATCC,0.016148325,FALSE
pbmc_1k_v3:CGTTAGATCCAAGAGG,0.029816514,FALSE
pbmc_1k_v3:CGTTCTGTCAGCGCAC,0.089418778,FALSE
pbmc_1k_v3:CGTTCTGTCCCGAACG,0.009254499,FALSE
pbmc_1k_v3:CTAACCCAGCCGCTTG,0.039964476,FALSE
pbmc_1k_v3:CTAACCCCACTTCAAG,0.039964476,FALSE
pbmc_1k_v3:CTAACTTAGCCTCACG,0.023883697,FALSE
pbmc_1k_v3:CTAAGTGCACAATGCT,0.016148325,FALSE
pbmc_1k_v3:CTAAGTGGTCCACTCT,0.029816514,FALSE
pbmc_1k_v3:CTACAGACAACAAAGT,0.10862069,FALSE
pbmc_1k_v3:CTACAGACAGGAATAT,0.016148325,FALSE
pbmc_1k_v3:CTACAGATCAGGAGAC,0.043035632,FALSE
pbmc_1k_v3:CTACCTGTCTCGAACA,0.014847162,FALSE
pbmc_1k_v3:CTACGGGTCACCATAG,0.011326861,FALSE
pbmc_1k_v3:CTACGGGTCGTTCAGA,0.081646895,FALSE
pbmc_1k_v3:CTAGACAGTCGTGGTC,0.043035632,FALSE
pbmc_1k_v3:CTAGACAGTCTAACTG,0.027705948,FALSE
pbmc_1k_v3:CTAGGTATCTAACGCA,0.02051449,FALSE
pbmc_1k_v3:CTATCCGAGCTGTTAC,0.034511093,FALSE
pbmc_1k_v3:CTCAACCGTGGATGAC,0.016148325,FALSE
pbmc_1k_v3:CTCAACCGTGTGTCGC,0.027705948,FALSE
pbmc_1k_v3:CTCAAGAAGATTACCC,0.039964476,FALSE
pbmc_1k_v3:CTCAAGACATCCTGTC,0.01244125,FALSE
pbmc_1k_v3:CTCAAGAGTCAAAGAT,0.010265859,FALSE
pbmc_1k_v3:CTCAATTTCGGAAGGT,0.025732666,FALSE
pbmc_1k_v3:CTCACTGCACCTTCCA,0.023883697,FALSE
pbmc_1k_v3:CTCAGAACAATTGTGC,0.006485707,FALSE
pbmc_1k_v3:CTCAGGGGTCATCGCG,0.043035632,FALSE
pbmc_1k_v3:CTCAGGGTCTCACCCA,0.029816514,FALSE
pbmc_1k_v3:CTCAGTCAGGGACAGG,0.010265859,FALSE
pbmc_1k_v3:CTCATCGAGAGGCGTT,0.018975332,FALSE
pbmc_1k_v3:CTCATCGTCGTACCTC,0.023883697,FALSE
pbmc_1k_v3:CTCATTAAGGAAGTGA,0.027705948,FALSE
pbmc_1k_v3:CTCATTATCGTACACA,0.089418778,FALSE
pbmc_1k_v3:CTCCAACCAATCTCTT,0.058430718,FALSE
pbmc_1k_v3:CTCCAACGTAGTGTGG,0.10862069,FALSE
pbmc_1k_v3:CTCCATGAGACAGCTG,0.016148325,FALSE
pbmc_1k_v3:CTCCATGGTGTTGACT,0.027705948,FALSE
pbmc_1k_v3:CTCCATGTCATCGTAG,0.027705948,FALSE
pbmc_1k_v3:CTCCATGTCGTCGATA,0.027705948,FALSE
pbmc_1k_v3:CTCCCAATCAATCAGC,0.009254499,FALSE
pbmc_1k_v3:CTCCCTCAGCGCGTTC,0.034511093,FALSE
pbmc_1k_v3:CTCCCTCCACCGGAAA,0.448680352,TRUE
pbmc_1k_v3:CTCCCTCGTTTACGAC,0.039964476,FALSE
pbmc_1k_v3:CTCCCTCTCATCGCTC,0.032079208,FALSE
pbmc_1k_v3:CTCCGATTCCTTTAGT,0.098321343,FALSE
pbmc_1k_v3:CTCCGATTCTTTCTAG,0.025732666,FALSE
pbmc_1k_v3:CTCCTCCTCACCTCTG,0.023883697,FALSE
pbmc_1k_v3:CTCCTTTAGATGCTGG,0.037131882,FALSE
pbmc_1k_v3:CTCCTTTTCTACACTT,0.046376812,FALSE
pbmc_1k_v3:CTCGAGGAGCCTATTG,0.007367387,FALSE
pbmc_1k_v3:CTCGAGGAGGAAAGGT,0.023883697,FALSE
pbmc_1k_v3:CTCTCAGGTTAAGCAA,0.032079208,FALSE
pbmc_1k_v3:CTCTCGATCCATAGGT,0.009254499,FALSE
pbmc_1k_v3:CTCTGGTAGTAGGATT,0.023883697,FALSE
pbmc_1k_v3:CTGAATGAGCTCTATG,0.032079208,FALSE
pbmc_1k_v3:CTGAATGAGGCGAACT,0.029816514,FALSE
pbmc_1k_v3:CTGAGGCGTTCAGCGC,0.02051449,FALSE
pbmc_1k_v3:CTGATCCGTCGCGTCA,0.037131882,FALSE
pbmc_1k_v3:CTGATCCTCCCTCTAG,0.032079208,FALSE
pbmc_1k_v3:CTGATCCTCTCTCCGA,0.07480315,FALSE
pbmc_1k_v3:CTGCAGGAGCCATTGT,0.032079208,FALSE
pbmc_1k_v3:CTGCATCAGCGTCAAG,0.037131882,FALSE
pbmc_1k_v3:CTGCATCGTAAGCTCT,0.043035632,FALSE
pbmc_1k_v3:CTGCCATTCAGTGTTG,0.032079208,FALSE
pbmc_1k_v3:CTGCCATTCGGAACTT,0.037131882,FALSE
pbmc_1k_v3:CTGCCTACAAGACTGG,0.023883697,FALSE
pbmc_1k_v3:CTGCCTATCTTGATTC,0.016148325,FALSE
pbmc_1k_v3:CTGCGAGAGATTAGAC,0.023883697,FALSE
pbmc_1k_v3:CTGCGAGAGTGCACTT,0.027705948,FALSE
pbmc_1k_v3:CTGCGAGCAGATTCGT,0.013613159,FALSE
pbmc_1k_v3:CTGCGAGGTAGGTTTC,0.025732666,FALSE
pbmc_1k_v3:CTGCTCACAGCGTTTA,0.046376812,FALSE
pbmc_1k_v3:CTGGACGCAACGATTC,0.039964476,FALSE
pbmc_1k_v3:CTGGACGCACACGGTC,0.043035632,FALSE
pbmc_1k_v3:CTGGACGGTTCCCAAA,0.234527687,FALSE
pbmc_1k_v3:CTGGACGTCTCATTTG,0.025732666,FALSE
pbmc_1k_v3:CTGGCAGGTTGCAAGG,0.017522287,FALSE
pbmc_1k_v3:CTGGCAGTCGTCTCAC,0.050025265,FALSE
pbmc_1k_v3:CTGTCGTAGCTGGCCT,0.043035632,FALSE
pbmc_1k_v3:CTGTGAAAGGAACGCT,0.022147651,FALSE
pbmc_1k_v3:CTGTGAATCATCGCTC,0.043035632,FALSE
pbmc_1k_v3:CTGTGGGGTCGTGATT,0.10862069,FALSE
pbmc_1k_v3:CTTAGGAGTCTGTGGC,0.009254499,FALSE
pbmc_1k_v3:CTTCAATGTTGGACTT,0.039964476,FALSE
pbmc_1k_v3:CTTCGGTCACGTTCGG,0.01244125,FALSE
pbmc_1k_v3:CTTCGGTTCCAAGAGG,0.039964476,FALSE
pbmc_1k_v3:CTTCTCTTCCTACAAG,0.039964476,FALSE
pbmc_1k_v3:CTTGAGAAGAATTGCA,0.027705948,FALSE
pbmc_1k_v3:CTTGAGATCCCGAGGT,0.011326861,FALSE
pbmc_1k_v3:CTTGATTAGGTAGGCT,0.07480315,FALSE
pbmc_1k_v3:GAAACCTAGGAGGTTC,0.014847162,FALSE
pbmc_1k_v3:GAACACTGTTGGACTT,0.009254499,FALSE
pbmc_1k_v3:GAACGTTGTCAGGAGT,0.032079208,FALSE
pbmc_1k_v3:GAACTGTCATCGAACT,0.022147651,FALSE
pbmc_1k_v3:GAACTGTTCTCAAAGC,0.054025424,FALSE
pbmc_1k_v3:GAAGAATAGGTACAAT,0.029816514,FALSE
pbmc_1k_v3:GAAGCCCCAGGAACCA,0.046376812,FALSE
pbmc_1k_v3:GAAGCGATCAGTAGGG,0.058430718,FALSE
pbmc_1k_v3:GAAGGACGTCTGCCTT,0.046376812,FALSE
pbmc_1k_v3:GAAGGGTTCGCAGATT,0.043035632,FALSE
pbmc_1k_v3:GAAGTAAGTCTAGATC,0.046376812,FALSE
pbmc_1k_v3:GAATCACCAGTGGTGA,0.029816514,FALSE
pbmc_1k_v3:GACACGCCAGTCCGTG,0.022147651,FALSE
pbmc_1k_v3:GACACGCGTTCCAAAC,0.013613159,FALSE
pbmc_1k_v3:GACAGCCGTATCGTGT,0.050025265,FALSE
pbmc_1k_v3:GACATCAGTAACGATA,0.010265859,FALSE
pbmc_1k_v3:GACCCTTCAGCGTATT,0.032079208,FALSE
pbmc_1k_v3:GACCCTTCATCATCTT,0.022147651,FALSE
pbmc_1k_v3:GACCTTCCACCTGCGA,0.046376812,FALSE
pbmc_1k_v3:GACCTTCGTCGAGCTC,0.027705948,FALSE
pbmc_1k_v3:GACTATGCAGTCCCGA,0.016148325,FALSE
pbmc_1k_v3:GACTATGCATCATTGG,0.022147651,FALSE
pbmc_1k_v3:GACTATGTCCAAGGGA,0.10862069,FALSE
pbmc_1k_v3:GACTCAATCTAGTGAC,0.010265859,FALSE
pbmc_1k_v3:GACTCAATCTCCCAAC,0.017522287,FALSE
pbmc_1k_v3:GACTGATTCATCCTAT,0.054025424,FALSE
pbmc_1k_v3:GACTTCCTCCTCTAGC,0.046376812,FALSE
pbmc_1k_v3:GAGAAATCATTGGATC,0.054025424,FALSE
pbmc_1k_v3:GAGACCCAGTAGGATT,0.023883697,FALSE
pbmc_1k_v3:GAGACTTAGTCACTCA,0.023883697,FALSE
pbmc_1k_v3:GAGACTTCAGGCTATT,0.037131882,FALSE
pbmc_1k_v3:GAGAGGTTCATAGACC,0.023883697,FALSE
pbmc_1k_v3:GAGATGGCATGTAACC,0.02051449,FALSE
pbmc_1k_v3:GAGCCTGAGCGCACAA,0.010265859,FALSE
pbmc_1k_v3:GAGCCTGAGGCAGCTA,0.081646895,FALSE
pbmc_1k_v3:GAGCCTGCAGTCTCTC,0.152198422,FALSE
pbmc_1k_v3:GAGCCTGGTCCACGCA,0.039964476,FALSE
pbmc_1k_v3:GAGCTGCGTCGGATTT,0.058430718,FALSE
pbmc_1k_v3:GAGGCAAAGTCACGAG,0.134969325,FALSE
pbmc_1k_v3:GAGGGATCACTTGGCG,0.025732666,FALSE
pbmc_1k_v3:GAGGGTACAGTTTCAG,0.039964476,FALSE
pbmc_1k_v3:GAGGGTAGTCAACACT,0.018975332,FALSE
pbmc_1k_v3:GAGGGTATCTGTCCCA,0.058430718,FALSE
pbmc_1k_v3:GAGTCATAGGGTTGCA,0.013613159,FALSE
pbmc_1k_v3:GAGTGAGGTCGGCTAC,0.02051449,FALSE
pbmc_1k_v3:GAGTGTTCACAAGCTT,0.022147651,FALSE
pbmc_1k_v3:GAGTGTTGTACGTAGG,0.06873065,FALSE
pbmc_1k_v3:GAGTTACAGACGACGT,0.037131882,FALSE
pbmc_1k_v3:GAGTTGTAGCGTTACT,0.018975332,FALSE
pbmc_1k_v3:GAGTTGTAGTGCGTCC,0.029816514,FALSE
pbmc_1k_v3:GAGTTGTCACGGTGCT,0.134969325,FALSE
pbmc_1k_v3:GATAGCTGTCGGAAAC,0.027705948,FALSE
pbmc_1k_v3:GATAGCTGTCTGTTAG,0.032079208,FALSE
pbmc_1k_v3:GATAGCTTCGTGCAGC,0.023883697,FALSE
pbmc_1k_v3:GATCACACACCCTGTT,0.046376812,FALSE
pbmc_1k_v3:GATCAGTAGGAACATT,0.014847162,FALSE
pbmc_1k_v3:GATCAGTAGTGCGCTC,0.058430718,FALSE
pbmc_1k_v3:GATCAGTGTTACAGCT,0.281070746,TRUE
pbmc_1k_v3:GATCATGAGGCCTAAG,0.050025265,FALSE
pbmc_1k_v3:GATCCCTAGAGGATGA,0.039964476,FALSE
pbmc_1k_v3:GATCCCTGTAATTAGG,0.022147651,FALSE
pbmc_1k_v3:GATCGTACAGCGCGTT,0.039964476,FALSE
pbmc_1k_v3:GATCGTATCTCTGGTC,0.039964476,FALSE
pbmc_1k_v3:GATGACTAGAGGTTAT,0.017522287,FALSE
pbmc_1k_v3:GATGACTTCGTGGCGT,0.058430718,FALSE
pbmc_1k_v3:GATGACTTCTCTAGGA,0.006485707,FALSE
pbmc_1k_v3:GATGAGGCAAATGCGG,0.018975332,FALSE
pbmc_1k_v3:GATGATCGTATGGAAT,0.046376812,FALSE
pbmc_1k_v3:GATGATCGTGTAACGG,0.018975332,FALSE
pbmc_1k_v3:GATGCTAGTACAGGTG,0.058430718,FALSE
pbmc_1k_v3:GATGCTATCCTACGAA,0.039964476,FALSE
pbmc_1k_v3:GATGGAGAGCCAGACA,0.07480315,FALSE
pbmc_1k_v3:GATGGAGCACTTGAAC,0.06873065,FALSE
pbmc_1k_v3:GATGGAGTCTGCGGCA,0.027705948,FALSE
pbmc_1k_v3:GATGGAGTCTTCCAGC,0.046376812,FALSE
pbmc_1k_v3:GATTCGAGTCGCACGT,0.011326861,FALSE
pbmc_1k_v3:GATTCTTGTACAGTCT,0.098321343,FALSE
pbmc_1k_v3:GATTGGTAGGCTGGAT,0.029816514,FALSE
pbmc_1k_v3:GATTGGTGTTGAGAGC,0.046376812,FALSE
pbmc_1k_v3:GATTTCTCAAGTGGGT,0.058430718,FALSE
pbmc_1k_v3:GATTTCTGTCGTCGGT,0.120673527,FALSE
pbmc_1k_v3:GATTTCTTCCTTCAGC,0.006485707,FALSE
pbmc_1k_v3:GCAACCGTCATTTCCA,0.037131882,FALSE
pbmc_1k_v3:GCAACCGTCGAACGGA,0.02051449,FALSE
pbmc_1k_v3:GCACGGTAGTAGTCTC,0.098321343,FALSE
pbmc_1k_v3:GCACGGTCACCCAACG,0.037131882,FALSE
pbmc_1k_v3:GCACGTGTCAGACATC,0.009254499,FALSE
pbmc_1k_v3:GCAGCCAAGAGGTCAC,0.043035632,FALSE
pbmc_1k_v3:GCAGCCACATACATCG,0.010265859,FALSE
pbmc_1k_v3:GCAGCCAGTTGCGTAT,0.013613159,FALSE
pbmc_1k_v3:GCAGCCATCACCGGGT,0.037131882,FALSE
pbmc_1k_v3:GCAGCTGGTAAGTTAG,0.063305979,FALSE
pbmc_1k_v3:GCAGCTGGTGGGTCAA,0.013613159,FALSE
pbmc_1k_v3:GCAGCTGTCAAAGCCT,0.081646895,FALSE
pbmc_1k_v3:GCAGCTGTCCTTCTGG,0.039964476,FALSE
pbmc_1k_v3:GCAGTTACACATTCTT,0.034511093,FALSE
pbmc_1k_v3:GCAGTTATCTCTCTTC,0.023883697,FALSE
pbmc_1k_v3:GCATCGGGTAACGATA,0.02051449,FALSE
pbmc_1k_v3:GCCAACGTCTAACGCA,0.011326861,FALSE
pbmc_1k_v3:GCCAACGTCTGCATAG,0.039964476,FALSE
pbmc_1k_v3:GCCAGGTGTTAGAAAC,0.037131882,FALSE
pbmc_1k_v3:GCCAGTGAGTCCTACA,0.018975332,FALSE
pbmc_1k_v3:GCCGATGAGGCGAAGG,0.011326861,FALSE
pbmc_1k_v3:GCCGATGAGTAACCTC,0.043035632,FALSE
pbmc_1k_v3:GCCGATGCATCTTTCA,0.011326861,FALSE
pbmc_1k_v3:GCCGTGACAACGACTT,0.034511093,FALSE
pbmc_1k_v3:GCCGTGACATGCCGGT,0.089418778,FALSE
pbmc_1k_v3:GCCGTGAGTCAGTCCG,0.081646895,FALSE
pbmc_1k_v3:GCCTGTTCACAGTCAT,0.037131882,FALSE
pbmc_1k_v3:GCGAGAAAGTTGTAGA,0.046376812,FALSE
pbmc_1k_v3:GCGAGAATCCTCAGAA,0.029816514,FALSE
pbmc_1k_v3:GCGGAAAGTGTGTCCG,0.10862069,FALSE
pbmc_1k_v3:GCGGATCAGCAACTTC,0.027705948,FALSE
pbmc_1k_v3:GCGTTTCAGTCTAGCT,0.050025265,FALSE
pbmc_1k_v3:GCTACAAGTCAGCTTA,0.004833142,FALSE
pbmc_1k_v3:GCTACCTCACGCACCA,0.025732666,FALSE
pbmc_1k_v3:GCTACCTGTCCTACAA,0.043035632,FALSE
pbmc_1k_v3:GCTGAATAGCACTCTA,0.034511093,FALSE
pbmc_1k_v3:GCTGAATCACACGGAA,0.022147651,FALSE
pbmc_1k_v3:GCTGAATTCGTTAGTG,0.046376812,FALSE
pbmc_1k_v3:GCTGCAGAGGGCAGAG,0.022147651,FALSE
pbmc_1k_v3:GCTGCAGGTGCTGATT,0.07480315,FALSE
pbmc_1k_v3:GCTGCAGGTTGACGGA,0.027705948,FALSE
pbmc_1k_v3:GCTGGGTAGTACAACA,0.010265859,FALSE
pbmc_1k_v3:GCTTCACCAACACGAG,0.081646895,FALSE
pbmc_1k_v3:GCTTGGGAGAAGGTAG,0.046376812,FALSE
pbmc_1k_v3:GCTTTCGAGTGCAAAT,0.037131882,FALSE
pbmc_1k_v3:GCTTTCGGTTCGGGTC,0.039964476,FALSE
pbmc_1k_v3:GCTTTCGTCCGGTAGC,0.06873065,FALSE
pbmc_1k_v3:GCTTTCGTCTGGGTCG,0.039964476,FALSE
pbmc_1k_v3:GGAACCCAGCCATTTG,0.032079208,FALSE
pbmc_1k_v3:GGAACCCTCTAATTCC,0.008289375,FALSE
pbmc_1k_v3:GGAAGTGCAACCCTCT,0.039964476,FALSE
pbmc_1k_v3:GGAATCTCAAACTGCT,0.054025424,FALSE
pbmc_1k_v3:GGAATCTTCAATCTCT,0.054025424,FALSE
pbmc_1k_v3:GGAATGGAGGACTAAT,0.046376812,FALSE
pbmc_1k_v3:GGAATGGCACGACGCT,0.023883697,FALSE
pbmc_1k_v3:GGACGTCGTTCAACGT,0.050025265,FALSE
pbmc_1k_v3:GGAGAACGTGCCCACA,0.010265859,FALSE
pbmc_1k_v3:GGAGGATGTATGAAAC,0.034511093,FALSE
pbmc_1k_v3:GGAGGTAAGGCGTTGA,0.029816514,FALSE
pbmc_1k_v3:GGAGGTATCTGGTGCG,0.017522287,FALSE
pbmc_1k_v3:GGATCTAAGCAATTCC,0.039964476,FALSE
pbmc_1k_v3:GGATCTAGTGCCTGCA,0.06873065,FALSE
pbmc_1k_v3:GGATCTATCACCTACC,0.046376812,FALSE
pbmc_1k_v3:GGATCTATCATAAGGA,0.022147651,FALSE
pbmc_1k_v3:GGATGTTAGCCGGATA,0.037131882,FALSE
pbmc_1k_v3:GGCACGTAGGCCCGTT,0.011326861,FALSE
pbmc_1k_v3:GGCGTCACATTGTGCA,0.039964476,FALSE
pbmc_1k_v3:GGCTGTGCAAAGCTAA,0.009254499,FALSE
pbmc_1k_v3:GGCTGTGCACGGTGAA,0.032079208,FALSE
pbmc_1k_v3:GGCTGTGGTCCACATA,0.022147651,FALSE
pbmc_1k_v3:GGCTTGGCACCGAATT,0.007367387,FALSE
pbmc_1k_v3:GGCTTGGGTAGATCGG,0.018975332,FALSE
pbmc_1k_v3:GGCTTGGTCTTCTTCC,0.027705948,FALSE
pbmc_1k_v3:GGGACAATCCGATCTC,0.043035632,FALSE
pbmc_1k_v3:GGGACCTGTTAGGGAC,0.025732666,FALSE
pbmc_1k_v3:GGGACCTGTTCTTGTT,0.050025265,FALSE
pbmc_1k_v3:GGGACTCCACATATCG,0.037131882,FALSE
pbmc_1k_v3:GGGACTCCACGGGCTT,0.043035632,FALSE
pbmc_1k_v3:GGGAGATCACGGGTAA,0.022147651,FALSE
pbmc_1k_v3:GGGAGATTCACGGACC,0.017522287,FALSE
pbmc_1k_v3:GGGAGTAAGCAGGCAT,0.029816514,FALSE
pbmc_1k_v3:GGGAGTATCACCTCGT,0.058430718,FALSE
pbmc_1k_v3:GGGAGTATCTTAGCCC,0.029816514,FALSE
pbmc_1k_v3:GGGATCCAGGGCAATC,0.025732666,FALSE
pbmc_1k_v3:GGGATGAAGGGAGGGT,0.013613159,FALSE
pbmc_1k_v3:GGGATGAAGTCCCGAC,0.023883697,FALSE
pbmc_1k_v3:GGGCCATTCAGACCGC,0.032079208,FALSE
pbmc_1k_v3:GGGCTACAGACCAAAT,0.02051449,FALSE
pbmc_1k_v3:GGGCTACAGGCAGTCA,0.023883697,FALSE
pbmc_1k_v3:GGGCTCATCGCAATTG,0.06873065,FALSE
pbmc_1k_v3:GGGTAGAAGTAGGGTC,0.017522287,FALSE
pbmc_1k_v3:GGGTCACCAGGAGGTT,0.054025424,FALSE
pbmc_1k_v3:GGGTCACGTCCTTAAG,0.046376812,FALSE
pbmc_1k_v3:GGGTCACTCACAAGGG,0.039964476,FALSE
pbmc_1k_v3:GGGTCTGAGTCAACAA,0.011326861,FALSE
pbmc_1k_v3:GGGTCTGGTTTGAAAG,0.054025424,FALSE
pbmc_1k_v3:GGGTCTGTCCCGTTCA,0.025732666,FALSE
pbmc_1k_v3:GGGTGAACATAAGCAA,0.10862069,FALSE
pbmc_1k_v3:GGGTTATCAGCCATTA,0.050025265,FALSE
pbmc_1k_v3:GGGTTTACACAGAGCA,0.018975332,FALSE
pbmc_1k_v3:GGGTTTACACTAAACC,0.029816514,FALSE
pbmc_1k_v3:GGTAATCCAAAGGAGA,0.039964476,FALSE
pbmc_1k_v3:GGTAATCCACAGCATT,0.043035632,FALSE
pbmc_1k_v3:GGTAATCCATACCACA,0.046376812,FALSE
pbmc_1k_v3:GGTAATCTCAAGTTGC,0.046376812,FALSE
pbmc_1k_v3:GGTAGAGAGACCAGCA,0.032079208,FALSE
pbmc_1k_v3:GGTCACGCAATGGCCC,0.06873065,FALSE
pbmc_1k_v3:GGTCACGGTCGTGATT,0.016148325,FALSE
pbmc_1k_v3:GGTCTGGTCAGACATC,0.01244125,FALSE
pbmc_1k_v3:GGTCTGGTCTCCCAAC,0.032079208,FALSE
pbmc_1k_v3:GGTGATTAGCTGTACT,0.025732666,FALSE
pbmc_1k_v3:GGTGATTCAGCTCGGT,0.043035632,FALSE
pbmc_1k_v3:GGTGGCTGTGCGCTCA,0.009254499,FALSE
pbmc_1k_v3:GGTGTCGCAACGATCT,0.02051449,FALSE
pbmc_1k_v3:GGTGTCGGTGTTATCG,0.013613159,FALSE
pbmc_1k_v3:GGTGTTAGTGGATTTC,0.017522287,FALSE
pbmc_1k_v3:GGTTAACTCACTCACC,0.02051449,FALSE
pbmc_1k_v3:GGTTCTCCAGGTTCCG,0.013613159,FALSE
pbmc_1k_v3:GGTTGTATCGAAGGAC,0.07480315,FALSE
pbmc_1k_v3:GTAACACAGAAAGCGA,0.043035632,FALSE
pbmc_1k_v3:GTAACACAGCTCCGAC,0.037131882,FALSE
pbmc_1k_v3:GTAACACGTAGATGTA,0.120673527,FALSE
pbmc_1k_v3:GTAACACGTGGCGTAA,0.016148325,FALSE
pbmc_1k_v3:GTAAGTCTCGATTGGT,0.025732666,FALSE
pbmc_1k_v3:GTAATCGCAGTTTCGA,0.081646895,FALSE
pbmc_1k_v3:GTAATCGGTTGCGAAG,0.011326861,FALSE
pbmc_1k_v3:GTAATGCCACCAGTAT,0.043035632,FALSE
pbmc_1k_v3:GTACAACAGATAGCTA,0.01244125,FALSE
pbmc_1k_v3:GTAGAAACATGGACAG,0.023883697,FALSE
pbmc_1k_v3:GTAGAAATCTGAGATC,0.029816514,FALSE
pbmc_1k_v3:GTAGAGGCAACTTCTT,0.029816514,FALSE
pbmc_1k_v3:GTAGATCCATCCCGTT,0.025732666,FALSE
pbmc_1k_v3:GTAGATCTCCCGAAAT,0.01244125,FALSE
pbmc_1k_v3:GTAGCTATCTCATGGA,0.029816514,FALSE
pbmc_1k_v3:GTAGGAGTCCGTCACT,0.009254499,FALSE
pbmc_1k_v3:GTAGGTTCAGAAGCGT,0.023883697,FALSE
pbmc_1k_v3:GTAGGTTGTGTTCGTA,0.07480315,FALSE
pbmc_1k_v3:GTAGTACCACCCTATC,0.029816514,FALSE
pbmc_1k_v3:GTAGTACTCTGTGTGA,0.098321343,FALSE
pbmc_1k_v3:GTATTTCAGAAGAGCA,0.016148325,FALSE
pbmc_1k_v3:GTCAAACCAAGCACCC,0.089418778,FALSE
pbmc_1k_v3:GTCAAACTCAATGCAC,0.017522287,FALSE
pbmc_1k_v3:GTCAAGTCAATACCTG,0.046376812,FALSE
pbmc_1k_v3:GTCACGGAGCGGGTTA,0.013613159,FALSE
pbmc_1k_v3:GTCACGGCACCGTACG,0.058430718,FALSE
pbmc_1k_v3:GTCACTCTCTTGAACG,0.06873065,FALSE
pbmc_1k_v3:GTCATGAAGACTCATC,0.023883697,FALSE
pbmc_1k_v3:GTCATGAAGTTTGGCT,0.046376812,FALSE
pbmc_1k_v3:GTCATGACATTGGATC,0.011326861,FALSE
pbmc_1k_v3:GTCATTTCAAGAGAGA,0.050025265,FALSE
pbmc_1k_v3:GTCATTTGTACGACTT,0.029816514,FALSE
pbmc_1k_v3:GTCATTTTCCTAGAGT,0.120673527,FALSE
pbmc_1k_v3:GTCCCATCATGCCGAC,0.034511093,FALSE
pbmc_1k_v3:GTCCTCAAGTCACGAG,0.043035632,FALSE
pbmc_1k_v3:GTCGAATAGGAGTATT,0.010265859,FALSE
pbmc_1k_v3:GTCGAATCAGAACCGA,0.013613159,FALSE
pbmc_1k_v3:GTCGAATGTCAAGCGA,0.022147651,FALSE
pbmc_1k_v3:GTCGCGAAGCAGCGAT,0.029816514,FALSE
pbmc_1k_v3:GTCGCGAGTTTACCTT,0.017522287,FALSE
pbmc_1k_v3:GTCTACCCAGGAAGTC,0.050025265,FALSE
pbmc_1k_v3:GTCTAGACAATGCAGG,0.011326861,FALSE
pbmc_1k_v3:GTCTAGAGTATGTCAC,0.063305979,FALSE
pbmc_1k_v3:GTCTAGATCGAGAGAC,0.014847162,FALSE
pbmc_1k_v3:GTCTGTCAGATACGAT,0.081646895,FALSE
pbmc_1k_v3:GTCTGTCTCGAGCCTG,0.010265859,FALSE
pbmc_1k_v3:GTGAGCCCATCTTCGC,0.018975332,FALSE
pbmc_1k_v3:GTGAGCCGTGATCGTT,0.134969325,FALSE
pbmc_1k_v3:GTGAGCCTCTGGAAGG,0.027705948,FALSE
pbmc_1k_v3:GTGAGGAAGCATTGAA,0.152198422,FALSE
pbmc_1k_v3:GTGAGGACACAACATC,0.046376812,FALSE
pbmc_1k_v3:GTGAGGACACTTTAGG,0.039964476,FALSE
pbmc_1k_v3:GTGAGTTTCCAATGCA,0.046376812,FALSE
pbmc_1k_v3:GTGATGTAGACATCAA,0.039964476,FALSE
pbmc_1k_v3:GTGCGTGAGCTTCTAG,0.029816514,FALSE
pbmc_1k_v3:GTGCTGGCAGGCTACC,0.034511093,FALSE
pbmc_1k_v3:GTGCTGGTCAAACCTG,0.032079208,FALSE
pbmc_1k_v3:GTGCTTCAGACCATAA,0.027705948,FALSE
pbmc_1k_v3:GTGCTTCCACTCATAG,0.013613159,FALSE
pbmc_1k_v3:GTGCTTCGTCGCTTGG,0.046376812,FALSE
pbmc_1k_v3:GTGGAAGAGCCAAGTG,0.448680352,TRUE
pbmc_1k_v3:GTGGAGAAGATCCGAG,0.098321343,FALSE
pbmc_1k_v3:GTGGCGTAGAATAACC,0.063305979,FALSE
pbmc_1k_v3:GTGGCGTCAATCGAAA,0.134969325,FALSE
pbmc_1k_v3:GTGGGAAAGGTCGTAG,0.01244125,FALSE
pbmc_1k_v3:GTGGGAACATGAGTAA,0.10862069,FALSE
pbmc_1k_v3:GTGGTTAAGTAACCGG,0.039964476,FALSE
pbmc_1k_v3:GTGTAACTCTTGGTGA,0.063305979,FALSE
pbmc_1k_v3:GTGTCCTAGTCGGCCT,0.014847162,FALSE
pbmc_1k_v3:GTGTCCTCAGTTGTTG,0.014847162,FALSE
pbmc_1k_v3:GTGTCCTGTGGCCTCA,0.058430718,FALSE
pbmc_1k_v3:GTGTGATCACTACGGC,0.039964476,FALSE
pbmc_1k_v3:GTGTGATTCTTACGTT,0.037131882,FALSE
pbmc_1k_v3:GTGTGGCAGGTACTGG,0.120673527,FALSE
pbmc_1k_v3:GTGTGGCAGGTAGTCG,0.023883697,FALSE
pbmc_1k_v3:GTGTGGCGTAAGTTGA,0.025732666,FALSE
pbmc_1k_v3:GTGTGGCTCACCACAA,0.046376812,FALSE
pbmc_1k_v3:GTGTTAGAGACGGTCA,0.023883697,FALSE
pbmc_1k_v3:GTGTTCCAGGTGCCTC,0.006485707,FALSE
pbmc_1k_v3:GTGTTCCGTAGTTCCA,0.098321343,FALSE
pbmc_1k_v3:GTTACAGAGGGCTAAC,0.011326861,FALSE
pbmc_1k_v3:GTTACAGAGTGTAGTA,0.013613159,FALSE
pbmc_1k_v3:GTTACAGCAAATCAGA,0.025732666,FALSE
pbmc_1k_v3:GTTACGAGTATGAGAT,0.027705948,FALSE
pbmc_1k_v3:GTTAGTGAGAACGTGC,0.054025424,FALSE
pbmc_1k_v3:GTTAGTGCACCTCTAC,0.034511093,FALSE
pbmc_1k_v3:GTTATGGTCGTTCCTG,0.054025424,FALSE
pbmc_1k_v3:GTTCATTTCCGATGCG,0.10862069,FALSE
pbmc_1k_v3:GTTCCGTAGTTGCCCG,0.013613159,FALSE
pbmc_1k_v3:GTTCCGTCACCCGTAG,0.054025424,FALSE
pbmc_1k_v3:GTTCGCTTCGACATTG,0.011326861,FALSE
pbmc_1k_v3:GTTCTATCAAATGAGT,0.014847162,FALSE
pbmc_1k_v3:GTTCTATCACGTGTGC,0.032079208,FALSE
pbmc_1k_v3:GTTCTATTCTACACTT,0.014847162,FALSE
pbmc_1k_v3:GTTGAACAGGAACATT,0.010265859,FALSE
pbmc_1k_v3:GTTGAACGTACCCGCA,0.043035632,FALSE
pbmc_1k_v3:GTTGCGGAGCTGCCTG,0.016148325,FALSE
pbmc_1k_v3:GTTGCTCAGTTTCGAC,0.010265859,FALSE
pbmc_1k_v3:GTTGCTCTCATTTCCA,0.029816514,FALSE
pbmc_1k_v3:GTTGTAGCAGTTCTAG,0.034511093,FALSE
pbmc_1k_v3:GTTGTGAAGACCTTTG,0.010265859,FALSE
pbmc_1k_v3:GTTGTGATCTCGGTCT,0.017522287,FALSE
pbmc_1k_v3:GTTTGGAGTGTATACC,0.032079208,FALSE
pbmc_1k_v3:TAACGACCACATATGC,0.025732666,FALSE
pbmc_1k_v3:TAACGACGTGCCTACG,0.022147651,FALSE
pbmc_1k_v3:TAACTTCGTTGTGGAG,0.014847162,FALSE
pbmc_1k_v3:TAAGCACAGAAGCTGC,0.039964476,FALSE
pbmc_1k_v3:TAAGCACTCACCATAG,0.008289375,FALSE
pbmc_1k_v3:TAAGCCAGTCCAACGC,0.034511093,FALSE
pbmc_1k_v3:TAAGCCATCTGGCCTT,0.008289375,FALSE
pbmc_1k_v3:TAAGCGTTCGTTGCCT,0.01244125,FALSE
pbmc_1k_v3:TAAGCGTTCTGTCGTC,0.018975332,FALSE
pbmc_1k_v3:TAATTCCCACTCCGGA,0.134969325,FALSE
pbmc_1k_v3:TAATTCCGTATTGACC,0.029816514,FALSE
pbmc_1k_v3:TAATTCCGTCAGTCCG,0.089418778,FALSE
pbmc_1k_v3:TACAACGCAAAGGTTA,0.050025265,FALSE
pbmc_1k_v3:TACAACGCATAGATCC,0.039964476,FALSE
pbmc_1k_v3:TACACCCTCGACTCCT,0.039964476,FALSE
pbmc_1k_v3:TACAGGTTCCTTACCG,0.058430718,FALSE
pbmc_1k_v3:TACATTCGTGGCTTAT,0.037131882,FALSE
pbmc_1k_v3:TACCGGGTCCTCGATC,0.081646895,FALSE
pbmc_1k_v3:TACCTCGCACCCAACG,0.043035632,FALSE
pbmc_1k_v3:TACCTGCAGTCACGCC,0.011326861,FALSE
pbmc_1k_v3:TACCTGCAGTCTGCAT,0.063305979,FALSE
pbmc_1k_v3:TACCTGCTCCAAGCTA,0.008289375,FALSE
pbmc_1k_v3:TACGCTCGTCAATCTG,0.011326861,FALSE
pbmc_1k_v3:TACGCTCTCTCGGTCT,0.039964476,FALSE
pbmc_1k_v3:TACGCTCTCTTAAGGC,0.025732666,FALSE
pbmc_1k_v3:TACGGGCTCAACGAGG,0.023883697,FALSE
pbmc_1k_v3:TACGGGCTCTACCACC,0.050025265,FALSE
pbmc_1k_v3:TACGTCCCAAGTGATA,0.046376812,FALSE
pbmc_1k_v3:TACGTCCCATGTGTCA,0.152198422,FALSE
pbmc_1k_v3:TACTTACAGGCATCTT,0.010265859,FALSE
pbmc_1k_v3:TACTTCATCATGCCGG,0.034511093,FALSE
pbmc_1k_v3:TAGACCAGTCTCGGGT,0.017522287,FALSE
pbmc_1k_v3:TAGACTGAGATTGTGA,0.02051449,FALSE
pbmc_1k_v3:TAGACTGGTCTTGAAC,0.039964476,FALSE
pbmc_1k_v3:TAGACTGTCGCCGAGT,0.023883697,FALSE
pbmc_1k_v3:TAGAGTCGTTGTGTAC,0.043035632,FALSE
pbmc_1k_v3:TAGATCGCAAATGGTA,0.029816514,FALSE
pbmc_1k_v3:TAGATCGCACACGCCA,0.023883697,FALSE
pbmc_1k_v3:TAGATCGTCACAACCA,0.050025265,FALSE
pbmc_1k_v3:TAGCACAAGTACTCGT,0.039964476,FALSE
pbmc_1k_v3:TAGGAGGCAAGACCTT,0.032079208,FALSE
pbmc_1k_v3:TAGGAGGGTTCCAGGC,0.011326861,FALSE
pbmc_1k_v3:TAGGGTTAGAGAGCGG,0.120673527,FALSE
pbmc_1k_v3:TAGGGTTAGGAACATT,0.034511093,FALSE
pbmc_1k_v3:TAGGGTTCAAGAAACT,0.008289375,FALSE
pbmc_1k_v3:TAGGTACGTGTCATCA,0.027705948,FALSE
pbmc_1k_v3:TAGGTACTCGAAGCAG,0.009254499,FALSE
pbmc_1k_v3:TAGTGCACACTCGATA,0.034511093,FALSE
pbmc_1k_v3:TAGTGCACAGAGGAAA,0.027705948,FALSE
pbmc_1k_v3:TATACCTGTTCTCGTC,0.043035632,FALSE
pbmc_1k_v3:TATACCTTCTGTCCGT,0.01244125,FALSE
pbmc_1k_v3:TATATCCCATGCGTGC,0.023883697,FALSE
pbmc_1k_v3:TATCGCCTCTCCCAAC,0.039964476,FALSE
pbmc_1k_v3:TATCTTGTCCATCTCG,0.081646895,FALSE
pbmc_1k_v3:TATCTTGTCGGCTTGG,0.010265859,FALSE
pbmc_1k_v3:TATGTTCAGTATGGAT,0.06873065,FALSE
pbmc_1k_v3:TATTGCTTCTCGAACA,0.029816514,FALSE
pbmc_1k_v3:TCAAGCATCCACTTTA,0.063305979,FALSE
pbmc_1k_v3:TCAATCTAGAGGTTTA,0.039964476,FALSE
pbmc_1k_v3:TCAATCTGTTTCCCAC,0.008289375,FALSE
pbmc_1k_v3:TCACAAGGTAGTGGCA,0.034511093,FALSE
pbmc_1k_v3:TCACAAGGTGGATACG,0.029816514,FALSE
pbmc_1k_v3:TCACACCCACCAGCCA,0.032079208,FALSE
pbmc_1k_v3:TCACACCGTCTCACGG,0.039964476,FALSE
pbmc_1k_v3:TCACACCGTTAAACCC,0.032079208,FALSE
pbmc_1k_v3:TCACACCTCTGGGAGA,0.046376812,FALSE
pbmc_1k_v3:TCACACCTCTTACCAT,0.050025265,FALSE
pbmc_1k_v3:TCACATTCAGAACTAA,0.032079208,FALSE
pbmc_1k_v3:TCACATTCATGCCATA,0.07480315,FALSE
pbmc_1k_v3:TCACGCTAGGACATCG,0.029816514,FALSE
pbmc_1k_v3:TCACGCTGTCTGCCTT,0.027705948,FALSE
pbmc_1k_v3:TCACGCTTCACTAGCA,0.043035632,FALSE
pbmc_1k_v3:TCACGCTTCGCTGACG,0.098321343,FALSE
pbmc_1k_v3:TCACGCTTCGGACTGC,0.081646895,FALSE
pbmc_1k_v3:TCACGGGCAACCGACC,0.029816514,FALSE
pbmc_1k_v3:TCACTATGTTTAGACC,0.046376812,FALSE
pbmc_1k_v3:TCACTCGCAAAGCAAT,0.039964476,FALSE
pbmc_1k_v3:TCACTCGGTCAACCAT,0.034511093,FALSE
pbmc_1k_v3:TCACTCGTCGGTCATA,0.023883697,FALSE
pbmc_1k_v3:TCAGCAACAAATCAAG,0.043035632,FALSE
pbmc_1k_v3:TCAGCAAGTATGACAA,0.120673527,FALSE
pbmc_1k_v3:TCAGGGCTCATGCGGC,0.032079208,FALSE
pbmc_1k_v3:TCAGGTACAATCGCAT,0.01244125,FALSE
pbmc_1k_v3:TCAGGTAGTATGGTAA,0.120673527,FALSE
pbmc_1k_v3:TCAGTCCGTAAGATCA,0.046376812,FALSE
pbmc_1k_v3:TCAGTCCGTCTCTCAC,0.050025265,FALSE
pbmc_1k_v3:TCAGTTTAGGATATAC,0.046376812,FALSE
pbmc_1k_v3:TCATACTCAGGTACGA,0.058430718,FALSE
pbmc_1k_v3:TCATACTTCAGAGCAG,0.07480315,FALSE
pbmc_1k_v3:TCATATCCATGCTGCG,0.081646895,FALSE
pbmc_1k_v3:TCATCATAGCACACAG,0.02051449,FALSE
pbmc_1k_v3:TCATCATGTTGCACGC,0.046376812,FALSE
pbmc_1k_v3:TCATCCGTCCAACTGA,0.043035632,FALSE
pbmc_1k_v3:TCATGCCCAAAGCGTG,0.034511093,FALSE
pbmc_1k_v3:TCATGCCGTGTCTTAG,0.037131882,FALSE
pbmc_1k_v3:TCATGTTAGAGGCGGA,0.025732666,FALSE
pbmc_1k_v3:TCATGTTGTGTGTGTT,0.022147651,FALSE
pbmc_1k_v3:TCATTACGTGCATGAG,0.081646895,FALSE
pbmc_1k_v3:TCATTGTGTGAGCAGT,0.063305979,FALSE
pbmc_1k_v3:TCCATCGGTTTAGTCG,0.018975332,FALSE
pbmc_1k_v3:TCCCACACACTAGAGG,0.011326861,FALSE
pbmc_1k_v3:TCCCACACAGACCAAG,0.029816514,FALSE
pbmc_1k_v3:TCCCACAGTTGACGGA,0.02051449,FALSE
pbmc_1k_v3:TCCCAGTAGACCGTTT,0.046376812,FALSE
pbmc_1k_v3:TCCCAGTTCGACATAC,0.022147651,FALSE
pbmc_1k_v3:TCCCATGTCGGCCCAA,0.032079208,FALSE
pbmc_1k_v3:TCCGATCTCAAACCTG,0.058430718,FALSE
pbmc_1k_v3:TCCTCCCAGTCTAACC,0.023883697,FALSE
pbmc_1k_v3:TCCTCGATCTCTCGAC,0.034511093,FALSE
pbmc_1k_v3:TCCTCTTAGAGTGAAG,0.025732666,FALSE
pbmc_1k_v3:TCCTCTTAGCCAAGGT,0.448680352,TRUE
pbmc_1k_v3:TCCTTCTCAACTCGTA,0.098321343,FALSE
pbmc_1k_v3:TCCTTTCTCGCTGTCT,0.081646895,FALSE
pbmc_1k_v3:TCGAAGTGTATCAGGG,0.029816514,FALSE
pbmc_1k_v3:TCGACCTCAAAGACTA,0.034511093,FALSE
pbmc_1k_v3:TCGACCTCAAGTAGTA,0.10862069,FALSE
pbmc_1k_v3:TCGACGGTCGAAGTGG,0.027705948,FALSE
pbmc_1k_v3:TCGATTTGTACGCTTA,0.06873065,FALSE
pbmc_1k_v3:TCGCAGGAGATTGACA,0.029816514,FALSE
pbmc_1k_v3:TCGCAGGGTAGGCTCC,0.017522287,FALSE
pbmc_1k_v3:TCGCAGGGTTCTAACG,0.032079208,FALSE
pbmc_1k_v3:TCGCTCACAAGATTGA,0.02051449,FALSE
pbmc_1k_v3:TCGCTTGAGAGACAAG,0.063305979,FALSE
pbmc_1k_v3:TCGCTTGAGCATTTGC,0.037131882,FALSE
pbmc_1k_v3:TCGGGACTCTAGATCG,0.016148325,FALSE
pbmc_1k_v3:TCGGGCACAGTTACCA,0.023883697,FALSE
pbmc_1k_v3:TCGGGCATCCGATTAG,0.06873065,FALSE
pbmc_1k_v3:TCGGGCATCTGAACGT,0.034511093,FALSE
pbmc_1k_v3:TCGGGTGCAGTCTGGC,0.02051449,FALSE
pbmc_1k_v3:TCGGTCTTCATTGCTT,0.037131882,FALSE
pbmc_1k_v3:TCGGTCTTCGACATAC,0.07480315,FALSE
pbmc_1k_v3:TCGTAGACAATGAAAC,0.018975332,FALSE
pbmc_1k_v3:TCGTGCTGTAAGGAGA,0.022147651,FALSE
pbmc_1k_v3:TCGTGCTGTGATCATC,0.081646895,FALSE
pbmc_1k_v3:TCTAACTAGGTCCAGA,0.037131882,FALSE
pbmc_1k_v3:TCTACCGCAGTCGTTA,0.058430718,FALSE
pbmc_1k_v3:TCTACCGTCCACGGAC,0.039964476,FALSE
pbmc_1k_v3:TCTATACGTTATCCAG,0.054025424,FALSE
pbmc_1k_v3:TCTATCAGTATGCTAC,0.029816514,FALSE
pbmc_1k_v3:TCTATCAGTTGCCGAC,0.039964476,FALSE
pbmc_1k_v3:TCTCACGAGGCTCCCA,0.037131882,FALSE
pbmc_1k_v3:TCTCCGAAGTCAATCC,0.039964476,FALSE
pbmc_1k_v3:TCTCCGATCTCTCTTC,0.039964476,FALSE
pbmc_1k_v3:TCTCTGGCAAAGCAAT,0.029816514,FALSE
pbmc_1k_v3:TCTGCCAAGTTACGGG,0.07480315,FALSE
pbmc_1k_v3:TCTGCCAGTAACGCGA,0.043035632,FALSE
pbmc_1k_v3:TCTGCCAGTAGATGTA,0.058430718,FALSE
pbmc_1k_v3:TCTGGCTCATCCTGTC,0.046376812,FALSE
pbmc_1k_v3:TCTGTCGAGACTAGAT,0.034511093,FALSE
pbmc_1k_v3:TCTGTCGCACCAGCGT,0.009254499,FALSE
pbmc_1k_v3:TCTTAGTAGGCCTGCT,0.054025424,FALSE
pbmc_1k_v3:TCTTAGTCAACACGAG,0.050025265,FALSE
pbmc_1k_v3:TCTTAGTGTTGCCAAT,0.032079208,FALSE
pbmc_1k_v3:TCTTAGTTCAGAATAG,0.120673527,FALSE
pbmc_1k_v3:TCTTCCTCACCAAAGG,0.011326861,FALSE
pbmc_1k_v3:TCTTGCGAGATGAAGG,0.034511093,FALSE
pbmc_1k_v3:TCTTGCGCACTACTTT,0.006485707,FALSE
pbmc_1k_v3:TCTTGCGCAGAGGAAA,0.025732666,FALSE
pbmc_1k_v3:TCTTGCGGTCCAGCCA,0.043035632,FALSE
pbmc_1k_v3:TCTTTGAGTGGAGAAA,0.023883697,FALSE
pbmc_1k_v3:TGAACGTCAAATGAAC,0.050025265,FALSE
pbmc_1k_v3:TGAACGTGTAACTAAG,0.027705948,FALSE
pbmc_1k_v3:TGAACGTGTCCATAGT,0.023883697,FALSE
pbmc_1k_v3:TGAATGCGTGGACTAG,0.027705948,FALSE
pbmc_1k_v3:TGAATGCTCGACGAGA,0.039964476,FALSE
pbmc_1k_v3:TGAATGCTCGCCGTGA,0.025732666,FALSE
pbmc_1k_v3:TGACAGTAGAGGTGCT,0.032079208,FALSE
pbmc_1k_v3:TGACAGTTCGAGATGG,0.027705948,FALSE
pbmc_1k_v3:TGACCCTTCTCATTGT,0.037131882,FALSE
pbmc_1k_v3:TGACGCGGTGGCTTAT,0.01244125,FALSE
pbmc_1k_v3:TGACTCCAGTCTCCTC,0.029816514,FALSE
pbmc_1k_v3:TGACTCCCACCATAAC,0.029816514,FALSE
pbmc_1k_v3:TGAGACTAGGCTGAAC,0.023883697,FALSE
pbmc_1k_v3:TGAGCATTCCATTGCC,0.063305979,FALSE
pbmc_1k_v3:TGAGCATTCCTTCACG,0.050025265,FALSE
pbmc_1k_v3:TGAGCATTCGATACTG,0.050025265,FALSE
pbmc_1k_v3:TGAGCATTCTGTCTCG,0.027705948,FALSE
pbmc_1k_v3:TGAGCGCCACTATGTG,0.037131882,FALSE
pbmc_1k_v3:TGAGCGCCAGCATACT,0.058430718,FALSE
pbmc_1k_v3:TGAGCGCTCGTCTAAG,0.046376812,FALSE
pbmc_1k_v3:TGAGGAGTCCATCGTC,0.013613159,FALSE
pbmc_1k_v3:TGAGGGATCAAACGTC,0.039964476,FALSE
pbmc_1k_v3:TGAGGGATCATAAGGA,0.06873065,FALSE
pbmc_1k_v3:TGAGGTTCAAACTAGA,0.025732666,FALSE
pbmc_1k_v3:TGAGGTTCAGGACATG,0.039964476,FALSE
pbmc_1k_v3:TGAGGTTGTAGCTTTG,0.039964476,FALSE
pbmc_1k_v3:TGAGTCACAGAACGCA,0.046376812,FALSE
pbmc_1k_v3:TGAGTCAGTAACCCTA,0.032079208,FALSE
pbmc_1k_v3:TGAGTCAGTCACTCTC,0.043035632,FALSE
pbmc_1k_v3:TGATCAGAGGATTCAA,0.027705948,FALSE
pbmc_1k_v3:TGATGCACAGGGCTTC,0.152198422,FALSE
pbmc_1k_v3:TGATGGTAGACCCGCT,0.034511093,FALSE
pbmc_1k_v3:TGATTCTGTAGGTACG,0.011326861,FALSE
pbmc_1k_v3:TGCACGGTCGAGTACT,0.010265859,FALSE
pbmc_1k_v3:TGCAGGCAGCGTTCAT,0.046376812,FALSE
pbmc_1k_v3:TGCAGGCCAGGAATAT,0.06873065,FALSE
pbmc_1k_v3:TGCAGTAAGTAGTCCT,0.034511093,FALSE
pbmc_1k_v3:TGCAGTATCCACATAG,0.054025424,FALSE
pbmc_1k_v3:TGCATCCCACCCAACG,0.008289375,FALSE
pbmc_1k_v3:TGCATGAAGCACCCAC,0.063305979,FALSE
pbmc_1k_v3:TGCGACGAGCGACAGT,0.009254499,FALSE
pbmc_1k_v3:TGCGATAAGAATCGCG,0.029816514,FALSE
pbmc_1k_v3:TGCGGCAAGTGGTGAC,0.10862069,FALSE
pbmc_1k_v3:TGCGGCACAAAGACGC,0.063305979,FALSE
pbmc_1k_v3:TGCTCCACAATCTAGC,0.054025424,FALSE
pbmc_1k_v3:TGCTCGTAGACGAGCT,0.01244125,FALSE
pbmc_1k_v3:TGCTCGTTCCCATTTA,0.023883697,FALSE
pbmc_1k_v3:TGCTGAACAGCACAAG,0.06873065,FALSE
pbmc_1k_v3:TGCTTCGCATAGCTGT,0.027705948,FALSE
pbmc_1k_v3:TGCTTGCGTGAACTAA,0.034511093,FALSE
pbmc_1k_v3:TGGAACTAGCGTCTCG,0.037131882,FALSE
pbmc_1k_v3:TGGAGAGCAGTCAGTT,0.037131882,FALSE
pbmc_1k_v3:TGGAGGAAGTAGGAAG,0.032079208,FALSE
pbmc_1k_v3:TGGAGGAGTCTTTATC,0.098321343,FALSE
pbmc_1k_v3:TGGAGGATCGACATTG,0.005641749,FALSE
pbmc_1k_v3:TGGATCAGTTCTCCCA,0.025732666,FALSE
pbmc_1k_v3:TGGATGTTCACGGGAA,0.050025265,FALSE
pbmc_1k_v3:TGGATGTTCTATCCAT,0.011326861,FALSE
pbmc_1k_v3:TGGCGTGGTGGATTTC,0.022147651,FALSE
pbmc_1k_v3:TGGGAAGTCGATTGGT,0.098321343,FALSE
pbmc_1k_v3:TGGGAGAAGCAAGTGC,0.023883697,FALSE
pbmc_1k_v3:TGGGAGAAGTGGTGGT,0.025732666,FALSE
pbmc_1k_v3:TGGGATTAGTCACGAG,0.009254499,FALSE
pbmc_1k_v3:TGGGATTGTACGATGG,0.034511093,FALSE
pbmc_1k_v3:TGGGCGTAGTGGAATT,0.02051449,FALSE
pbmc_1k_v3:TGGGCGTCAAATTGCC,0.013613159,FALSE
pbmc_1k_v3:TGGGCTGAGAGGGTCT,0.06873065,FALSE
pbmc_1k_v3:TGGGCTGAGCGTTAGG,0.029816514,FALSE
pbmc_1k_v3:TGGGCTGCATCCGATA,0.448680352,TRUE
pbmc_1k_v3:TGGGCTGGTCGCGGTT,0.009254499,FALSE
pbmc_1k_v3:TGGGTTAAGGAACGAA,0.043035632,FALSE
pbmc_1k_v3:TGGGTTAGTATTGAGA,0.027705948,FALSE
pbmc_1k_v3:TGGGTTAGTGCACGCT,0.039964476,FALSE
pbmc_1k_v3:TGGGTTATCAGTAGGG,0.022147651,FALSE
pbmc_1k_v3:TGGTACACAAAGGGTC,0.034511093,FALSE
pbmc_1k_v3:TGGTAGTCAGGCATGA,0.017522287,FALSE
pbmc_1k_v3:TGGTAGTCATCACAGT,0.039964476,FALSE
pbmc_1k_v3:TGGTAGTTCCCTCATG,0.02051449,FALSE
pbmc_1k_v3:TGGTTAGTCAACCTTT,0.011326861,FALSE
pbmc_1k_v3:TGTAACGGTTGCGTAT,0.098321343,FALSE
pbmc_1k_v3:TGTACAGAGACTCGAG,0.034511093,FALSE
pbmc_1k_v3:TGTACAGAGTGAGTTA,0.02051449,FALSE
pbmc_1k_v3:TGTACAGGTGGATTTC,0.017522287,FALSE
pbmc_1k_v3:TGTAGACTCCATTTAC,0.039964476,FALSE
pbmc_1k_v3:TGTCAGACAACTTGGT,0.081646895,FALSE
pbmc_1k_v3:TGTCAGACACTCACTC,0.039964476,FALSE
pbmc_1k_v3:TGTCCACCAACTGGTT,0.046376812,FALSE
pbmc_1k_v3:TGTCCACTCGCTTACC,0.098321343,FALSE
pbmc_1k_v3:TGTCCCAAGCTCCATA,0.034511093,FALSE
pbmc_1k_v3:TGTCCCAAGGTCATAA,0.032079208,FALSE
pbmc_1k_v3:TGTCCCACATACTTTC,0.054025424,FALSE
pbmc_1k_v3:TGTCCCAGTCAGGCAA,0.022147651,FALSE
pbmc_1k_v3:TGTCCCAGTCGGTGTC,0.037131882,FALSE
pbmc_1k_v3:TGTCCTGGTACTTGTG,0.063305979,FALSE
pbmc_1k_v3:TGTCCTGGTTGGCTAT,0.014847162,FALSE
pbmc_1k_v3:TGTCCTGTCGGCTATA,0.017522287,FALSE
pbmc_1k_v3:TGTGATGAGCGACTGA,0.017522287,FALSE
pbmc_1k_v3:TGTGATGCATTCTCTA,0.081646895,FALSE
pbmc_1k_v3:TGTGCGGGTCGTCGGT,0.081646895,FALSE
pbmc_1k_v3:TGTGCGGTCACATACG,0.032079208,FALSE
pbmc_1k_v3:TGTGGCGTCGTACCTC,0.023883697,FALSE
pbmc_1k_v3:TGTGTGATCTGACAGT,0.025732666,FALSE
pbmc_1k_v3:TGTTCATAGCTGCCTG,0.347222222,TRUE
pbmc_1k_v3:TGTTCATGTCCTGGGT,0.037131882,FALSE
pbmc_1k_v3:TGTTCCGCAAGTATAG,0.008289375,FALSE
pbmc_1k_v3:TGTTGAGCACAACGAG,0.022147651,FALSE
pbmc_1k_v3:TGTTGAGTCTCGACCT,0.009254499,FALSE
pbmc_1k_v3:TGTTTGTGTGGAAATT,0.037131882,FALSE
pbmc_1k_v3:TTAATCCAGCTACTAC,0.023883697,FALSE
pbmc_1k_v3:TTACAGGGTGATTCTG,0.10862069,FALSE
pbmc_1k_v3:TTACCGCGTCCGAAAG,0.032079208,FALSE
pbmc_1k_v3:TTACGCCCACGTCGTG,0.014847162,FALSE
pbmc_1k_v3:TTACGCCTCAATGCAC,0.06873065,FALSE
pbmc_1k_v3:TTACGTTGTTTACGAC,0.089418778,FALSE
pbmc_1k_v3:TTACGTTTCTCGCTTG,0.039964476,FALSE
pbmc_1k_v3:TTACTGTCATACATCG,0.009254499,FALSE
pbmc_1k_v3:TTACTGTGTAAGAACT,0.037131882,FALSE
pbmc_1k_v3:TTACTGTGTTAAGGGC,0.01244125,FALSE
pbmc_1k_v3:TTAGGGTCAGGTCAGA,0.005641749,FALSE
pbmc_1k_v3:TTAGGGTGTCACATTG,0.032079208,FALSE
pbmc_1k_v3:TTAGTCTCACGTATAC,0.043035632,FALSE
pbmc_1k_v3:TTATTGCCAAACGGCA,0.013613159,FALSE
pbmc_1k_v3:TTATTGCGTACGTAGG,0.029816514,FALSE
pbmc_1k_v3:TTATTGCGTCAACACT,0.013613159,FALSE
pbmc_1k_v3:TTATTGCGTGTCTTCC,0.046376812,FALSE
pbmc_1k_v3:TTCACCGCAGCCCAGT,0.008289375,FALSE
pbmc_1k_v3:TTCACGCGTTAAGTCC,0.043035632,FALSE
pbmc_1k_v3:TTCACGCTCTATCCAT,0.022147651,FALSE
pbmc_1k_v3:TTCAGGAAGATTGGGC,0.022147651,FALSE
pbmc_1k_v3:TTCAGGAGTCTACAAC,0.027705948,FALSE
pbmc_1k_v3:TTCATGTAGGTCATAA,0.050025265,FALSE
pbmc_1k_v3:TTCATTGGTACGAAAT,0.023883697,FALSE
pbmc_1k_v3:TTCCACGAGGAAGTGA,0.016148325,FALSE
pbmc_1k_v3:TTCCACGGTCAACACT,0.018975332,FALSE
pbmc_1k_v3:TTCCGTGCACTCACTC,0.034511093,FALSE
pbmc_1k_v3:TTCCGTGGTTCCAGGC,0.013613159,FALSE
pbmc_1k_v3:TTCCTAAGTGACGTCC,0.098321343,FALSE
pbmc_1k_v3:TTCCTCTGTACCTGTA,0.050025265,FALSE
pbmc_1k_v3:TTCCTTCAGCCTCAAT,0.010265859,FALSE
pbmc_1k_v3:TTCCTTCAGGTAGTCG,0.01244125,FALSE
pbmc_1k_v3:TTCCTTCAGTAGTCAA,0.039964476,FALSE
pbmc_1k_v3:TTCCTTCGTGACACGA,0.043035632,FALSE
pbmc_1k_v3:TTCGATTTCTGACCCT,0.089418778,FALSE
pbmc_1k_v3:TTCGCTGAGGGTTAGC,0.050025265,FALSE
pbmc_1k_v3:TTCGCTGAGGTTCCGC,0.032079208,FALSE
pbmc_1k_v3:TTCGCTGCACTAGTAC,0.032079208,FALSE
pbmc_1k_v3:TTCGCTGTCGGACTGC,0.02051449,FALSE
pbmc_1k_v3:TTCTCTCGTATCGTAC,0.098321343,FALSE
pbmc_1k_v3:TTCTTGAGTCTTGCTC,0.01244125,FALSE
pbmc_1k_v3:TTGACCCGTCTCGGGT,0.025732666,FALSE
pbmc_1k_v3:TTGACCCTCGTAGTGT,0.098321343,FALSE
pbmc_1k_v3:TTGATGGCATAAGATG,0.014847162,FALSE
pbmc_1k_v3:TTGATGGTCGCTAAAC,0.010265859,FALSE
pbmc_1k_v3:TTGCATTGTGCCTTCT,0.081646895,FALSE
pbmc_1k_v3:TTGCCTGAGAGTGACC,0.032079208,FALSE
pbmc_1k_v3:TTGCCTGAGTGGAAAG,0.034511093,FALSE
pbmc_1k_v3:TTGCCTGGTAGCTGCC,0.022147651,FALSE
pbmc_1k_v3:TTGCGTCCACGCCACA,0.07480315,FALSE
pbmc_1k_v3:TTGCTGCCATTGCCGG,0.023883697,FALSE
pbmc_1k_v3:TTGGGATCAACGGGTA,0.054025424,FALSE
pbmc_1k_v3:TTGGGATTCAGGAAGC,0.046376812,FALSE
pbmc_1k_v3:TTGGGATTCTCTCTAA,0.027705948,FALSE
pbmc_1k_v3:TTGGGCGCACGGTGAA,0.06873065,FALSE
pbmc_1k_v3:TTGGGCGGTCGGAAAC,0.01244125,FALSE
pbmc_1k_v3:TTGGGTAGTGCTAGCC,0.025732666,FALSE
pbmc_1k_v3:TTGGGTATCACCGACG,0.018975332,FALSE
pbmc_1k_v3:TTGGTTTCACTGGATT,0.037131882,FALSE
pbmc_1k_v3:TTGTGGATCTAAGAAG,0.029816514,FALSE
pbmc_1k_v3:TTGTGTTGTGTGTCCG,0.013613159,FALSE
pbmc_1k_v3:TTGTTCACACTTGTGA,0.089418778,FALSE
pbmc_1k_v3:TTGTTCACAGTCGCTG,0.050025265,FALSE
pbmc_1k_v3:TTGTTCATCTTTACAC,0.01244125,FALSE
pbmc_1k_v3:TTGTTTGAGGTCGACA,0.02051449,FALSE
pbmc_1k_v3:TTGTTTGTCCAACCGG,0.013613159,FALSE
pbmc_1k_v3:TTTACTGTCACGGGAA,0.005641749,FALSE
pbmc_1k_v3:TTTATGCCAGTGGCTC,0.011326861,FALSE
pbmc_1k_v3:TTTATGCGTAACATAG,0.06873065,FALSE
pbmc_1k_v3:TTTATGCGTTGATCGT,0.027705948,FALSE
pbmc_1k_v3:TTTATGCTCACTCGAA,0.011326861,FALSE
pbmc_1k_v3:TTTCACATCGACGCTG,0.039964476,FALSE
pbmc_1k_v3:TTTCACATCTCAGGCG,0.02051449,FALSE
pbmc_1k_v3:TTTCATGGTGCCTAAT,0.022147651,FALSE
pbmc_1k_v3:TTTCATGTCACTCACC,0.043035632,FALSE
pbmc_1k_v3:TTTCCTCCACAGAGCA,0.017522287,FALSE
pbmc_1k_v3:TTTCCTCTCCTACACC,0.029816514,FALSE
pbmc_1k_v3:TTTCCTCTCTCTTGCG,0.029816514,FALSE
pbmc_1k_v3:TTTGATCTCTTTGGAG,0.081646895,FALSE
pbmc_1k_v3:TTTGGTTAGTAACCTC,0.039964476,FALSE
pbmc_1k_v3:TTTGGTTGTAGAATAC,0.034511093,FALSE
pbmc_1k_v3:TTTGTTGCAATTAGGA,0.023883697,FALSE